/*
 Navicat Premium Data Transfer

 Source Server         : aliyun
 Source Server Type    : MySQL
 Source Server Version : 50731
 Source Host           : 120.79.29.46:3306
 Source Schema         : platform_security

 Target Server Type    : MySQL
 Target Server Version : 50731
 File Encoding         : 65001

 Date: 05/09/2020 14:15:15
*/

SET NAMES utf8mb4;
SET FOREIGN_KEY_CHECKS = 0;

-- ----------------------------
-- Table structure for qrtz_calendars
-- ----------------------------
DROP TABLE IF EXISTS `qrtz_calendars`;
CREATE TABLE `qrtz_calendars`  (
  `SCHED_NAME` varchar(120) CHARACTER SET utf8 COLLATE utf8_general_ci NOT NULL,
  `CALENDAR_NAME` varchar(200) CHARACTER SET utf8 COLLATE utf8_general_ci NOT NULL,
  `CALENDAR` blob NOT NULL,
  PRIMARY KEY (`SCHED_NAME`, `CALENDAR_NAME`) USING BTREE
) ENGINE = InnoDB CHARACTER SET = utf8 COLLATE = utf8_general_ci ROW_FORMAT = Dynamic;

-- ----------------------------
-- Table structure for qrtz_cron_triggers
-- ----------------------------
DROP TABLE IF EXISTS `qrtz_cron_triggers`;
CREATE TABLE `qrtz_cron_triggers`  (
  `SCHED_NAME` varchar(120) CHARACTER SET utf8 COLLATE utf8_general_ci NOT NULL,
  `TRIGGER_NAME` varchar(200) CHARACTER SET utf8 COLLATE utf8_general_ci NOT NULL,
  `TRIGGER_GROUP` varchar(200) CHARACTER SET utf8 COLLATE utf8_general_ci NOT NULL,
  `CRON_EXPRESSION` varchar(120) CHARACTER SET utf8 COLLATE utf8_general_ci NOT NULL,
  `TIME_ZONE_ID` varchar(80) CHARACTER SET utf8 COLLATE utf8_general_ci NULL DEFAULT NULL,
  PRIMARY KEY (`SCHED_NAME`, `TRIGGER_NAME`, `TRIGGER_GROUP`) USING BTREE,
  CONSTRAINT `qrtz_cron_triggers_ibfk_1` FOREIGN KEY (`SCHED_NAME`, `TRIGGER_NAME`, `TRIGGER_GROUP`) REFERENCES `qrtz_triggers` (`SCHED_NAME`, `TRIGGER_NAME`, `TRIGGER_GROUP`) ON DELETE RESTRICT ON UPDATE RESTRICT
) ENGINE = InnoDB CHARACTER SET = utf8 COLLATE = utf8_general_ci ROW_FORMAT = Dynamic;

-- ----------------------------
-- Records of qrtz_cron_triggers
-- ----------------------------
INSERT INTO `qrtz_cron_triggers` VALUES ('platformScheduler', 'TASK_1', 'DEFAULT', '0 0/30 * * * ?', 'Asia/Shanghai');
INSERT INTO `qrtz_cron_triggers` VALUES ('RenrenScheduler', 'TASK_1', 'DEFAULT', '0 0/30 * * * ?', 'Asia/Shanghai');

-- ----------------------------
-- Table structure for qrtz_fired_triggers
-- ----------------------------
DROP TABLE IF EXISTS `qrtz_fired_triggers`;
CREATE TABLE `qrtz_fired_triggers`  (
  `SCHED_NAME` varchar(120) CHARACTER SET utf8 COLLATE utf8_general_ci NOT NULL,
  `ENTRY_ID` varchar(95) CHARACTER SET utf8 COLLATE utf8_general_ci NOT NULL,
  `TRIGGER_NAME` varchar(200) CHARACTER SET utf8 COLLATE utf8_general_ci NOT NULL,
  `TRIGGER_GROUP` varchar(200) CHARACTER SET utf8 COLLATE utf8_general_ci NOT NULL,
  `INSTANCE_NAME` varchar(200) CHARACTER SET utf8 COLLATE utf8_general_ci NOT NULL,
  `FIRED_TIME` bigint(13) NOT NULL,
  `SCHED_TIME` bigint(13) NOT NULL,
  `PRIORITY` int(11) NOT NULL,
  `STATE` varchar(16) CHARACTER SET utf8 COLLATE utf8_general_ci NOT NULL,
  `JOB_NAME` varchar(200) CHARACTER SET utf8 COLLATE utf8_general_ci NULL DEFAULT NULL,
  `JOB_GROUP` varchar(200) CHARACTER SET utf8 COLLATE utf8_general_ci NULL DEFAULT NULL,
  `IS_NONCONCURRENT` varchar(1) CHARACTER SET utf8 COLLATE utf8_general_ci NULL DEFAULT NULL,
  `REQUESTS_RECOVERY` varchar(1) CHARACTER SET utf8 COLLATE utf8_general_ci NULL DEFAULT NULL,
  PRIMARY KEY (`SCHED_NAME`, `ENTRY_ID`) USING BTREE,
  INDEX `IDX_QRTZ_FT_TRIG_INST_NAME`(`SCHED_NAME`, `INSTANCE_NAME`) USING BTREE,
  INDEX `IDX_QRTZ_FT_INST_JOB_REQ_RCVRY`(`SCHED_NAME`, `INSTANCE_NAME`, `REQUESTS_RECOVERY`) USING BTREE,
  INDEX `IDX_QRTZ_FT_J_G`(`SCHED_NAME`, `JOB_NAME`, `JOB_GROUP`) USING BTREE,
  INDEX `IDX_QRTZ_FT_JG`(`SCHED_NAME`, `JOB_GROUP`) USING BTREE,
  INDEX `IDX_QRTZ_FT_T_G`(`SCHED_NAME`, `TRIGGER_NAME`, `TRIGGER_GROUP`) USING BTREE,
  INDEX `IDX_QRTZ_FT_TG`(`SCHED_NAME`, `TRIGGER_GROUP`) USING BTREE
) ENGINE = InnoDB CHARACTER SET = utf8 COLLATE = utf8_general_ci ROW_FORMAT = Dynamic;

-- ----------------------------
-- Table structure for qrtz_job_details
-- ----------------------------
DROP TABLE IF EXISTS `qrtz_job_details`;
CREATE TABLE `qrtz_job_details`  (
  `SCHED_NAME` varchar(120) CHARACTER SET utf8 COLLATE utf8_general_ci NOT NULL,
  `JOB_NAME` varchar(200) CHARACTER SET utf8 COLLATE utf8_general_ci NOT NULL,
  `JOB_GROUP` varchar(200) CHARACTER SET utf8 COLLATE utf8_general_ci NOT NULL,
  `DESCRIPTION` varchar(250) CHARACTER SET utf8 COLLATE utf8_general_ci NULL DEFAULT NULL,
  `JOB_CLASS_NAME` varchar(250) CHARACTER SET utf8 COLLATE utf8_general_ci NOT NULL,
  `IS_DURABLE` varchar(1) CHARACTER SET utf8 COLLATE utf8_general_ci NOT NULL,
  `IS_NONCONCURRENT` varchar(1) CHARACTER SET utf8 COLLATE utf8_general_ci NOT NULL,
  `IS_UPDATE_DATA` varchar(1) CHARACTER SET utf8 COLLATE utf8_general_ci NOT NULL,
  `REQUESTS_RECOVERY` varchar(1) CHARACTER SET utf8 COLLATE utf8_general_ci NOT NULL,
  `JOB_DATA` blob NULL,
  PRIMARY KEY (`SCHED_NAME`, `JOB_NAME`, `JOB_GROUP`) USING BTREE,
  INDEX `IDX_QRTZ_J_REQ_RECOVERY`(`SCHED_NAME`, `REQUESTS_RECOVERY`) USING BTREE,
  INDEX `IDX_QRTZ_J_GRP`(`SCHED_NAME`, `JOB_GROUP`) USING BTREE
) ENGINE = InnoDB CHARACTER SET = utf8 COLLATE = utf8_general_ci ROW_FORMAT = Dynamic;

-- ----------------------------
-- Records of qrtz_job_details
-- ----------------------------
INSERT INTO `qrtz_job_details` VALUES ('platformScheduler', 'TASK_1', 'DEFAULT', NULL, 'com.platform.modules.job.utils.ScheduleJob', '0', '0', '0', '0', 0xACED0005737200156F72672E71756172747A2E4A6F62446174614D61709FB083E8BFA9B0CB020000787200266F72672E71756172747A2E7574696C732E537472696E674B65794469727479466C61674D61708208E8C3FBC55D280200015A0013616C6C6F77735472616E7369656E74446174617872001D6F72672E71756172747A2E7574696C732E4469727479466C61674D617013E62EAD28760ACE0200025A000564697274794C00036D617074000F4C6A6176612F7574696C2F4D61703B787001737200116A6176612E7574696C2E486173684D61700507DAC1C31660D103000246000A6C6F6164466163746F724900097468726573686F6C6478703F4000000000000C7708000000100000000174000D4A4F425F504152414D5F4B455973720031636F6D2E706C6174666F726D2E6D6F64756C65732E6A6F622E656E746974792E5363686564756C654A6F62456E7469747900000000000000010200074C00086265616E4E616D657400124C6A6176612F6C616E672F537472696E673B4C000A63726561746554696D657400104C6A6176612F7574696C2F446174653B4C000E63726F6E45787072657373696F6E71007E00094C00056A6F6249647400104C6A6176612F6C616E672F4C6F6E673B4C0006706172616D7371007E00094C000672656D61726B71007E00094C00067374617475737400134C6A6176612F6C616E672F496E74656765723B7870740008746573745461736B7372000E6A6176612E7574696C2E44617465686A81014B5974190300007870770800000171A2241D407874000E3020302F3330202A202A202A203F7372000E6A6176612E6C616E672E4C6F6E673B8BE490CC8F23DF0200014A000576616C7565787200106A6176612E6C616E672E4E756D62657286AC951D0B94E08B0200007870000000000000000174000672656E72656E74000CE58F82E695B0E6B58BE8AF95737200116A6176612E6C616E672E496E746567657212E2A0A4F781873802000149000576616C75657871007E0013000000007800);
INSERT INTO `qrtz_job_details` VALUES ('RenrenScheduler', 'TASK_1', 'DEFAULT', NULL, 'io.renren.modules.job.utils.ScheduleJob', '0', '0', '0', '0', 0xACED0005737200156F72672E71756172747A2E4A6F62446174614D61709FB083E8BFA9B0CB020000787200266F72672E71756172747A2E7574696C732E537472696E674B65794469727479466C61674D61708208E8C3FBC55D280200015A0013616C6C6F77735472616E7369656E74446174617872001D6F72672E71756172747A2E7574696C732E4469727479466C61674D617013E62EAD28760ACE0200025A000564697274794C00036D617074000F4C6A6176612F7574696C2F4D61703B787001737200116A6176612E7574696C2E486173684D61700507DAC1C31660D103000246000A6C6F6164466163746F724900097468726573686F6C6478703F4000000000000C7708000000100000000174000D4A4F425F504152414D5F4B45597372002E696F2E72656E72656E2E6D6F64756C65732E6A6F622E656E746974792E5363686564756C654A6F62456E7469747900000000000000010200074C00086265616E4E616D657400124C6A6176612F6C616E672F537472696E673B4C000A63726561746554696D657400104C6A6176612F7574696C2F446174653B4C000E63726F6E45787072657373696F6E71007E00094C00056A6F6249647400104C6A6176612F6C616E672F4C6F6E673B4C0006706172616D7371007E00094C000672656D61726B71007E00094C00067374617475737400134C6A6176612F6C616E672F496E74656765723B7870740008746573745461736B7372000E6A6176612E7574696C2E44617465686A81014B5974190300007870770800000171A2241D407874000E3020302F3330202A202A202A203F7372000E6A6176612E6C616E672E4C6F6E673B8BE490CC8F23DF0200014A000576616C7565787200106A6176612E6C616E672E4E756D62657286AC951D0B94E08B0200007870000000000000000174000672656E72656E74000CE58F82E695B0E6B58BE8AF95737200116A6176612E6C616E672E496E746567657212E2A0A4F781873802000149000576616C75657871007E0013000000007800);

-- ----------------------------
-- Table structure for qrtz_locks
-- ----------------------------
DROP TABLE IF EXISTS `qrtz_locks`;
CREATE TABLE `qrtz_locks`  (
  `SCHED_NAME` varchar(120) CHARACTER SET utf8 COLLATE utf8_general_ci NOT NULL,
  `LOCK_NAME` varchar(40) CHARACTER SET utf8 COLLATE utf8_general_ci NOT NULL,
  PRIMARY KEY (`SCHED_NAME`, `LOCK_NAME`) USING BTREE
) ENGINE = InnoDB CHARACTER SET = utf8 COLLATE = utf8_general_ci ROW_FORMAT = Dynamic;

-- ----------------------------
-- Records of qrtz_locks
-- ----------------------------
INSERT INTO `qrtz_locks` VALUES ('RenrenScheduler', 'STATE_ACCESS');
INSERT INTO `qrtz_locks` VALUES ('RenrenScheduler', 'TRIGGER_ACCESS');

-- ----------------------------
-- Table structure for qrtz_paused_trigger_grps
-- ----------------------------
DROP TABLE IF EXISTS `qrtz_paused_trigger_grps`;
CREATE TABLE `qrtz_paused_trigger_grps`  (
  `SCHED_NAME` varchar(120) CHARACTER SET utf8 COLLATE utf8_general_ci NOT NULL,
  `TRIGGER_GROUP` varchar(200) CHARACTER SET utf8 COLLATE utf8_general_ci NOT NULL,
  PRIMARY KEY (`SCHED_NAME`, `TRIGGER_GROUP`) USING BTREE
) ENGINE = InnoDB CHARACTER SET = utf8 COLLATE = utf8_general_ci ROW_FORMAT = Dynamic;

-- ----------------------------
-- Table structure for qrtz_scheduler_state
-- ----------------------------
DROP TABLE IF EXISTS `qrtz_scheduler_state`;
CREATE TABLE `qrtz_scheduler_state`  (
  `SCHED_NAME` varchar(120) CHARACTER SET utf8 COLLATE utf8_general_ci NOT NULL,
  `INSTANCE_NAME` varchar(200) CHARACTER SET utf8 COLLATE utf8_general_ci NOT NULL,
  `LAST_CHECKIN_TIME` bigint(13) NOT NULL,
  `CHECKIN_INTERVAL` bigint(13) NOT NULL,
  PRIMARY KEY (`SCHED_NAME`, `INSTANCE_NAME`) USING BTREE
) ENGINE = InnoDB CHARACTER SET = utf8 COLLATE = utf8_general_ci ROW_FORMAT = Dynamic;

-- ----------------------------
-- Records of qrtz_scheduler_state
-- ----------------------------
INSERT INTO `qrtz_scheduler_state` VALUES ('platformScheduler', 'iZwz9a8nvld17y4z0k1ui7Z1598114026279', 1599286515325, 15000);
INSERT INTO `qrtz_scheduler_state` VALUES ('RenrenScheduler', 'PC-20180118GJXE1593437716900', 1593437839015, 15000);

-- ----------------------------
-- Table structure for qrtz_simple_triggers
-- ----------------------------
DROP TABLE IF EXISTS `qrtz_simple_triggers`;
CREATE TABLE `qrtz_simple_triggers`  (
  `SCHED_NAME` varchar(120) CHARACTER SET utf8 COLLATE utf8_general_ci NOT NULL,
  `TRIGGER_NAME` varchar(200) CHARACTER SET utf8 COLLATE utf8_general_ci NOT NULL,
  `TRIGGER_GROUP` varchar(200) CHARACTER SET utf8 COLLATE utf8_general_ci NOT NULL,
  `REPEAT_COUNT` bigint(7) NOT NULL,
  `REPEAT_INTERVAL` bigint(12) NOT NULL,
  `TIMES_TRIGGERED` bigint(10) NOT NULL,
  PRIMARY KEY (`SCHED_NAME`, `TRIGGER_NAME`, `TRIGGER_GROUP`) USING BTREE,
  CONSTRAINT `qrtz_simple_triggers_ibfk_1` FOREIGN KEY (`SCHED_NAME`, `TRIGGER_NAME`, `TRIGGER_GROUP`) REFERENCES `qrtz_triggers` (`SCHED_NAME`, `TRIGGER_NAME`, `TRIGGER_GROUP`) ON DELETE RESTRICT ON UPDATE RESTRICT
) ENGINE = InnoDB CHARACTER SET = utf8 COLLATE = utf8_general_ci ROW_FORMAT = Dynamic;

-- ----------------------------
-- Table structure for qrtz_simprop_triggers
-- ----------------------------
DROP TABLE IF EXISTS `qrtz_simprop_triggers`;
CREATE TABLE `qrtz_simprop_triggers`  (
  `SCHED_NAME` varchar(120) CHARACTER SET utf8 COLLATE utf8_general_ci NOT NULL,
  `TRIGGER_NAME` varchar(200) CHARACTER SET utf8 COLLATE utf8_general_ci NOT NULL,
  `TRIGGER_GROUP` varchar(200) CHARACTER SET utf8 COLLATE utf8_general_ci NOT NULL,
  `STR_PROP_1` varchar(512) CHARACTER SET utf8 COLLATE utf8_general_ci NULL DEFAULT NULL,
  `STR_PROP_2` varchar(512) CHARACTER SET utf8 COLLATE utf8_general_ci NULL DEFAULT NULL,
  `STR_PROP_3` varchar(512) CHARACTER SET utf8 COLLATE utf8_general_ci NULL DEFAULT NULL,
  `INT_PROP_1` int(11) NULL DEFAULT NULL,
  `INT_PROP_2` int(11) NULL DEFAULT NULL,
  `LONG_PROP_1` bigint(20) NULL DEFAULT NULL,
  `LONG_PROP_2` bigint(20) NULL DEFAULT NULL,
  `DEC_PROP_1` decimal(13, 4) NULL DEFAULT NULL,
  `DEC_PROP_2` decimal(13, 4) NULL DEFAULT NULL,
  `BOOL_PROP_1` varchar(1) CHARACTER SET utf8 COLLATE utf8_general_ci NULL DEFAULT NULL,
  `BOOL_PROP_2` varchar(1) CHARACTER SET utf8 COLLATE utf8_general_ci NULL DEFAULT NULL,
  PRIMARY KEY (`SCHED_NAME`, `TRIGGER_NAME`, `TRIGGER_GROUP`) USING BTREE,
  CONSTRAINT `qrtz_simprop_triggers_ibfk_1` FOREIGN KEY (`SCHED_NAME`, `TRIGGER_NAME`, `TRIGGER_GROUP`) REFERENCES `qrtz_triggers` (`SCHED_NAME`, `TRIGGER_NAME`, `TRIGGER_GROUP`) ON DELETE RESTRICT ON UPDATE RESTRICT
) ENGINE = InnoDB CHARACTER SET = utf8 COLLATE = utf8_general_ci ROW_FORMAT = Dynamic;

-- ----------------------------
-- Table structure for qrtz_triggers
-- ----------------------------
DROP TABLE IF EXISTS `qrtz_triggers`;
CREATE TABLE `qrtz_triggers`  (
  `SCHED_NAME` varchar(120) CHARACTER SET utf8 COLLATE utf8_general_ci NOT NULL,
  `TRIGGER_NAME` varchar(200) CHARACTER SET utf8 COLLATE utf8_general_ci NOT NULL,
  `TRIGGER_GROUP` varchar(200) CHARACTER SET utf8 COLLATE utf8_general_ci NOT NULL,
  `JOB_NAME` varchar(200) CHARACTER SET utf8 COLLATE utf8_general_ci NOT NULL,
  `JOB_GROUP` varchar(200) CHARACTER SET utf8 COLLATE utf8_general_ci NOT NULL,
  `DESCRIPTION` varchar(250) CHARACTER SET utf8 COLLATE utf8_general_ci NULL DEFAULT NULL,
  `NEXT_FIRE_TIME` bigint(13) NULL DEFAULT NULL,
  `PREV_FIRE_TIME` bigint(13) NULL DEFAULT NULL,
  `PRIORITY` int(11) NULL DEFAULT NULL,
  `TRIGGER_STATE` varchar(16) CHARACTER SET utf8 COLLATE utf8_general_ci NOT NULL,
  `TRIGGER_TYPE` varchar(8) CHARACTER SET utf8 COLLATE utf8_general_ci NOT NULL,
  `START_TIME` bigint(13) NOT NULL,
  `END_TIME` bigint(13) NULL DEFAULT NULL,
  `CALENDAR_NAME` varchar(200) CHARACTER SET utf8 COLLATE utf8_general_ci NULL DEFAULT NULL,
  `MISFIRE_INSTR` smallint(2) NULL DEFAULT NULL,
  `JOB_DATA` blob NULL,
  PRIMARY KEY (`SCHED_NAME`, `TRIGGER_NAME`, `TRIGGER_GROUP`) USING BTREE,
  INDEX `IDX_QRTZ_T_J`(`SCHED_NAME`, `JOB_NAME`, `JOB_GROUP`) USING BTREE,
  INDEX `IDX_QRTZ_T_JG`(`SCHED_NAME`, `JOB_GROUP`) USING BTREE,
  INDEX `IDX_QRTZ_T_C`(`SCHED_NAME`, `CALENDAR_NAME`) USING BTREE,
  INDEX `IDX_QRTZ_T_G`(`SCHED_NAME`, `TRIGGER_GROUP`) USING BTREE,
  INDEX `IDX_QRTZ_T_STATE`(`SCHED_NAME`, `TRIGGER_STATE`) USING BTREE,
  INDEX `IDX_QRTZ_T_N_STATE`(`SCHED_NAME`, `TRIGGER_NAME`, `TRIGGER_GROUP`, `TRIGGER_STATE`) USING BTREE,
  INDEX `IDX_QRTZ_T_N_G_STATE`(`SCHED_NAME`, `TRIGGER_GROUP`, `TRIGGER_STATE`) USING BTREE,
  INDEX `IDX_QRTZ_T_NEXT_FIRE_TIME`(`SCHED_NAME`, `NEXT_FIRE_TIME`) USING BTREE,
  INDEX `IDX_QRTZ_T_NFT_ST`(`SCHED_NAME`, `TRIGGER_STATE`, `NEXT_FIRE_TIME`) USING BTREE,
  INDEX `IDX_QRTZ_T_NFT_MISFIRE`(`SCHED_NAME`, `MISFIRE_INSTR`, `NEXT_FIRE_TIME`) USING BTREE,
  INDEX `IDX_QRTZ_T_NFT_ST_MISFIRE`(`SCHED_NAME`, `MISFIRE_INSTR`, `NEXT_FIRE_TIME`, `TRIGGER_STATE`) USING BTREE,
  INDEX `IDX_QRTZ_T_NFT_ST_MISFIRE_GRP`(`SCHED_NAME`, `MISFIRE_INSTR`, `NEXT_FIRE_TIME`, `TRIGGER_GROUP`, `TRIGGER_STATE`) USING BTREE,
  CONSTRAINT `qrtz_triggers_ibfk_1` FOREIGN KEY (`SCHED_NAME`, `JOB_NAME`, `JOB_GROUP`) REFERENCES `qrtz_job_details` (`SCHED_NAME`, `JOB_NAME`, `JOB_GROUP`) ON DELETE RESTRICT ON UPDATE RESTRICT
) ENGINE = InnoDB CHARACTER SET = utf8 COLLATE = utf8_general_ci ROW_FORMAT = Dynamic;

-- ----------------------------
-- Records of qrtz_triggers
-- ----------------------------
INSERT INTO `qrtz_triggers` VALUES ('platformScheduler', 'TASK_1', 'DEFAULT', 'TASK_1', 'DEFAULT', NULL, 1599287400000, 1599285600000, 5, 'WAITING', 'CRON', 1596978203000, 0, NULL, 2, 0xACED0005737200156F72672E71756172747A2E4A6F62446174614D61709FB083E8BFA9B0CB020000787200266F72672E71756172747A2E7574696C732E537472696E674B65794469727479466C61674D61708208E8C3FBC55D280200015A0013616C6C6F77735472616E7369656E74446174617872001D6F72672E71756172747A2E7574696C732E4469727479466C61674D617013E62EAD28760ACE0200025A000564697274794C00036D617074000F4C6A6176612F7574696C2F4D61703B787001737200116A6176612E7574696C2E486173684D61700507DAC1C31660D103000246000A6C6F6164466163746F724900097468726573686F6C6478703F4000000000000C7708000000100000000174000D4A4F425F504152414D5F4B455973720031636F6D2E706C6174666F726D2E6D6F64756C65732E6A6F622E656E746974792E5363686564756C654A6F62456E7469747900000000000000010200074C00086265616E4E616D657400124C6A6176612F6C616E672F537472696E673B4C000A63726561746554696D657400104C6A6176612F7574696C2F446174653B4C000E63726F6E45787072657373696F6E71007E00094C00056A6F6249647400104C6A6176612F6C616E672F4C6F6E673B4C0006706172616D7371007E00094C000672656D61726B71007E00094C00067374617475737400134C6A6176612F6C616E672F496E74656765723B7870740008746573745461736B7372000E6A6176612E7574696C2E44617465686A81014B5974190300007870770800000171A2241D407874000E3020302F3330202A202A202A203F7372000E6A6176612E6C616E672E4C6F6E673B8BE490CC8F23DF0200014A000576616C7565787200106A6176612E6C616E672E4E756D62657286AC951D0B94E08B0200007870000000000000000174000672656E72656E74000CE58F82E695B0E6B58BE8AF95737200116A6176612E6C616E672E496E746567657212E2A0A4F781873802000149000576616C75657871007E0013000000007800);
INSERT INTO `qrtz_triggers` VALUES ('RenrenScheduler', 'TASK_1', 'DEFAULT', 'TASK_1', 'DEFAULT', NULL, 1593439200000, -1, 5, 'WAITING', 'CRON', 1587563240000, 0, NULL, 2, 0xACED0005737200156F72672E71756172747A2E4A6F62446174614D61709FB083E8BFA9B0CB020000787200266F72672E71756172747A2E7574696C732E537472696E674B65794469727479466C61674D61708208E8C3FBC55D280200015A0013616C6C6F77735472616E7369656E74446174617872001D6F72672E71756172747A2E7574696C732E4469727479466C61674D617013E62EAD28760ACE0200025A000564697274794C00036D617074000F4C6A6176612F7574696C2F4D61703B787001737200116A6176612E7574696C2E486173684D61700507DAC1C31660D103000246000A6C6F6164466163746F724900097468726573686F6C6478703F4000000000000C7708000000100000000174000D4A4F425F504152414D5F4B45597372002E696F2E72656E72656E2E6D6F64756C65732E6A6F622E656E746974792E5363686564756C654A6F62456E7469747900000000000000010200074C00086265616E4E616D657400124C6A6176612F6C616E672F537472696E673B4C000A63726561746554696D657400104C6A6176612F7574696C2F446174653B4C000E63726F6E45787072657373696F6E71007E00094C00056A6F6249647400104C6A6176612F6C616E672F4C6F6E673B4C0006706172616D7371007E00094C000672656D61726B71007E00094C00067374617475737400134C6A6176612F6C616E672F496E74656765723B7870740008746573745461736B7372000E6A6176612E7574696C2E44617465686A81014B5974190300007870770800000171A2241D407874000E3020302F3330202A202A202A203F7372000E6A6176612E6C616E672E4C6F6E673B8BE490CC8F23DF0200014A000576616C7565787200106A6176612E6C616E672E4E756D62657286AC951D0B94E08B0200007870000000000000000174000672656E72656E74000CE58F82E695B0E6B58BE8AF95737200116A6176612E6C616E672E496E746567657212E2A0A4F781873802000149000576616C75657871007E0013000000007800);

-- ----------------------------
-- Table structure for schedule_job
-- ----------------------------
DROP TABLE IF EXISTS `schedule_job`;
CREATE TABLE `schedule_job`  (
  `job_id` bigint(20) NOT NULL AUTO_INCREMENT COMMENT '任务id',
  `bean_name` varchar(200) CHARACTER SET utf8 COLLATE utf8_general_ci NULL DEFAULT NULL COMMENT 'spring bean名称',
  `params` varchar(2000) CHARACTER SET utf8 COLLATE utf8_general_ci NULL DEFAULT NULL COMMENT '参数',
  `cron_expression` varchar(100) CHARACTER SET utf8 COLLATE utf8_general_ci NULL DEFAULT NULL COMMENT 'cron表达式',
  `status` tinyint(4) NULL DEFAULT NULL COMMENT '任务状态  0：正常  1：暂停',
  `remark` varchar(255) CHARACTER SET utf8 COLLATE utf8_general_ci NULL DEFAULT NULL COMMENT '备注',
  `create_time` datetime(0) NULL DEFAULT NULL COMMENT '创建时间',
  PRIMARY KEY (`job_id`) USING BTREE
) ENGINE = InnoDB AUTO_INCREMENT = 2 CHARACTER SET = utf8 COLLATE = utf8_general_ci COMMENT = '定时任务' ROW_FORMAT = Dynamic;

-- ----------------------------
-- Records of schedule_job
-- ----------------------------
INSERT INTO `schedule_job` VALUES (1, 'testTask', 'renren', '0 0/30 * * * ?', 0, '参数测试', '2020-04-22 21:46:48');

-- ----------------------------
-- Table structure for schedule_job_log
-- ----------------------------
DROP TABLE IF EXISTS `schedule_job_log`;
CREATE TABLE `schedule_job_log`  (
  `log_id` bigint(20) NOT NULL AUTO_INCREMENT COMMENT '任务日志id',
  `job_id` bigint(20) NOT NULL COMMENT '任务id',
  `bean_name` varchar(200) CHARACTER SET utf8 COLLATE utf8_general_ci NULL DEFAULT NULL COMMENT 'spring bean名称',
  `params` varchar(2000) CHARACTER SET utf8 COLLATE utf8_general_ci NULL DEFAULT NULL COMMENT '参数',
  `status` tinyint(4) NOT NULL COMMENT '任务状态    0：成功    1：失败',
  `error` varchar(2000) CHARACTER SET utf8 COLLATE utf8_general_ci NULL DEFAULT NULL COMMENT '失败信息',
  `times` int(11) NOT NULL COMMENT '耗时(单位：毫秒)',
  `create_time` datetime(0) NULL DEFAULT NULL COMMENT '创建时间',
  PRIMARY KEY (`log_id`) USING BTREE,
  INDEX `job_id`(`job_id`) USING BTREE
) ENGINE = InnoDB AUTO_INCREMENT = 662 CHARACTER SET = utf8 COLLATE = utf8_general_ci COMMENT = '定时任务日志' ROW_FORMAT = Dynamic;

-- ----------------------------
-- Records of schedule_job_log
-- ----------------------------
INSERT INTO `schedule_job_log` VALUES (1, 1, 'testTask', 'renren', 0, NULL, 0, '2020-04-22 22:00:00');
INSERT INTO `schedule_job_log` VALUES (2, 1, 'testTask', 'renren', 0, NULL, 0, '2020-04-29 21:00:00');
INSERT INTO `schedule_job_log` VALUES (3, 1, 'testTask', 'renren', 0, NULL, 1, '2020-04-29 21:30:00');
INSERT INTO `schedule_job_log` VALUES (4, 1, 'testTask', 'renren', 0, NULL, 2, '2020-08-21 20:30:00');
INSERT INTO `schedule_job_log` VALUES (5, 1, 'testTask', 'renren', 0, NULL, 1, '2020-08-21 21:00:00');
INSERT INTO `schedule_job_log` VALUES (6, 1, 'testTask', 'renren', 0, NULL, 1, '2020-08-21 21:30:00');
INSERT INTO `schedule_job_log` VALUES (7, 1, 'testTask', 'renren', 0, NULL, 0, '2020-08-21 22:00:00');
INSERT INTO `schedule_job_log` VALUES (8, 1, 'testTask', 'renren', 0, NULL, 0, '2020-08-21 22:30:00');
INSERT INTO `schedule_job_log` VALUES (9, 1, 'testTask', 'renren', 0, NULL, 0, '2020-08-21 23:00:00');
INSERT INTO `schedule_job_log` VALUES (10, 1, 'testTask', 'renren', 0, NULL, 1, '2020-08-23 00:30:00');
INSERT INTO `schedule_job_log` VALUES (11, 1, 'testTask', 'renren', 0, NULL, 1, '2020-08-23 01:00:00');
INSERT INTO `schedule_job_log` VALUES (12, 1, 'testTask', 'renren', 0, NULL, 0, '2020-08-23 01:30:00');
INSERT INTO `schedule_job_log` VALUES (13, 1, 'testTask', 'renren', 0, NULL, 1, '2020-08-23 02:00:00');
INSERT INTO `schedule_job_log` VALUES (14, 1, 'testTask', 'renren', 0, NULL, 0, '2020-08-23 02:30:00');
INSERT INTO `schedule_job_log` VALUES (15, 1, 'testTask', 'renren', 0, NULL, 1, '2020-08-23 03:00:00');
INSERT INTO `schedule_job_log` VALUES (16, 1, 'testTask', 'renren', 0, NULL, 0, '2020-08-23 03:30:00');
INSERT INTO `schedule_job_log` VALUES (17, 1, 'testTask', 'renren', 0, NULL, 0, '2020-08-23 04:00:00');
INSERT INTO `schedule_job_log` VALUES (18, 1, 'testTask', 'renren', 0, NULL, 1, '2020-08-23 04:30:00');
INSERT INTO `schedule_job_log` VALUES (19, 1, 'testTask', 'renren', 0, NULL, 0, '2020-08-23 05:00:00');
INSERT INTO `schedule_job_log` VALUES (20, 1, 'testTask', 'renren', 0, NULL, 1, '2020-08-23 05:30:00');
INSERT INTO `schedule_job_log` VALUES (21, 1, 'testTask', 'renren', 0, NULL, 1, '2020-08-23 06:00:00');
INSERT INTO `schedule_job_log` VALUES (22, 1, 'testTask', 'renren', 0, NULL, 1, '2020-08-23 06:30:00');
INSERT INTO `schedule_job_log` VALUES (23, 1, 'testTask', 'renren', 0, NULL, 0, '2020-08-23 07:00:00');
INSERT INTO `schedule_job_log` VALUES (24, 1, 'testTask', 'renren', 0, NULL, 1, '2020-08-23 07:30:00');
INSERT INTO `schedule_job_log` VALUES (25, 1, 'testTask', 'renren', 0, NULL, 0, '2020-08-23 08:00:00');
INSERT INTO `schedule_job_log` VALUES (26, 1, 'testTask', 'renren', 0, NULL, 1, '2020-08-23 08:30:00');
INSERT INTO `schedule_job_log` VALUES (27, 1, 'testTask', 'renren', 0, NULL, 0, '2020-08-23 09:00:00');
INSERT INTO `schedule_job_log` VALUES (28, 1, 'testTask', 'renren', 0, NULL, 1, '2020-08-23 09:30:00');
INSERT INTO `schedule_job_log` VALUES (29, 1, 'testTask', 'renren', 0, NULL, 0, '2020-08-23 10:00:00');
INSERT INTO `schedule_job_log` VALUES (30, 1, 'testTask', 'renren', 0, NULL, 0, '2020-08-23 10:30:00');
INSERT INTO `schedule_job_log` VALUES (31, 1, 'testTask', 'renren', 0, NULL, 0, '2020-08-23 11:00:00');
INSERT INTO `schedule_job_log` VALUES (32, 1, 'testTask', 'renren', 0, NULL, 0, '2020-08-23 11:30:00');
INSERT INTO `schedule_job_log` VALUES (33, 1, 'testTask', 'renren', 0, NULL, 0, '2020-08-23 12:00:00');
INSERT INTO `schedule_job_log` VALUES (34, 1, 'testTask', 'renren', 0, NULL, 0, '2020-08-23 12:30:00');
INSERT INTO `schedule_job_log` VALUES (35, 1, 'testTask', 'renren', 0, NULL, 0, '2020-08-23 13:00:00');
INSERT INTO `schedule_job_log` VALUES (36, 1, 'testTask', 'renren', 0, NULL, 0, '2020-08-23 13:30:00');
INSERT INTO `schedule_job_log` VALUES (37, 1, 'testTask', 'renren', 0, NULL, 0, '2020-08-23 14:00:00');
INSERT INTO `schedule_job_log` VALUES (38, 1, 'testTask', 'renren', 0, NULL, 1, '2020-08-23 14:30:00');
INSERT INTO `schedule_job_log` VALUES (39, 1, 'testTask', 'renren', 0, NULL, 0, '2020-08-23 15:00:00');
INSERT INTO `schedule_job_log` VALUES (40, 1, 'testTask', 'renren', 0, NULL, 0, '2020-08-23 15:30:00');
INSERT INTO `schedule_job_log` VALUES (41, 1, 'testTask', 'renren', 0, NULL, 0, '2020-08-23 16:00:00');
INSERT INTO `schedule_job_log` VALUES (42, 1, 'testTask', 'renren', 0, NULL, 0, '2020-08-23 16:30:00');
INSERT INTO `schedule_job_log` VALUES (43, 1, 'testTask', 'renren', 0, NULL, 1, '2020-08-23 17:00:00');
INSERT INTO `schedule_job_log` VALUES (44, 1, 'testTask', 'renren', 0, NULL, 0, '2020-08-23 17:30:00');
INSERT INTO `schedule_job_log` VALUES (45, 1, 'testTask', 'renren', 0, NULL, 1, '2020-08-23 18:00:00');
INSERT INTO `schedule_job_log` VALUES (46, 1, 'testTask', 'renren', 0, NULL, 0, '2020-08-23 18:30:00');
INSERT INTO `schedule_job_log` VALUES (47, 1, 'testTask', 'renren', 0, NULL, 1, '2020-08-23 19:00:00');
INSERT INTO `schedule_job_log` VALUES (48, 1, 'testTask', 'renren', 0, NULL, 0, '2020-08-23 19:30:00');
INSERT INTO `schedule_job_log` VALUES (49, 1, 'testTask', 'renren', 0, NULL, 1, '2020-08-23 20:00:00');
INSERT INTO `schedule_job_log` VALUES (50, 1, 'testTask', 'renren', 0, NULL, 0, '2020-08-23 20:30:00');
INSERT INTO `schedule_job_log` VALUES (51, 1, 'testTask', 'renren', 0, NULL, 0, '2020-08-23 21:00:00');
INSERT INTO `schedule_job_log` VALUES (52, 1, 'testTask', 'renren', 0, NULL, 0, '2020-08-23 21:30:00');
INSERT INTO `schedule_job_log` VALUES (53, 1, 'testTask', 'renren', 0, NULL, 0, '2020-08-23 22:00:00');
INSERT INTO `schedule_job_log` VALUES (54, 1, 'testTask', 'renren', 0, NULL, 0, '2020-08-23 22:30:00');
INSERT INTO `schedule_job_log` VALUES (55, 1, 'testTask', 'renren', 0, NULL, 0, '2020-08-23 23:00:00');
INSERT INTO `schedule_job_log` VALUES (56, 1, 'testTask', 'renren', 0, NULL, 1, '2020-08-23 23:30:00');
INSERT INTO `schedule_job_log` VALUES (57, 1, 'testTask', 'renren', 0, NULL, 7, '2020-08-24 00:00:00');
INSERT INTO `schedule_job_log` VALUES (58, 1, 'testTask', 'renren', 0, NULL, 1, '2020-08-24 00:30:00');
INSERT INTO `schedule_job_log` VALUES (59, 1, 'testTask', 'renren', 0, NULL, 1, '2020-08-24 01:00:00');
INSERT INTO `schedule_job_log` VALUES (60, 1, 'testTask', 'renren', 0, NULL, 0, '2020-08-24 01:30:00');
INSERT INTO `schedule_job_log` VALUES (61, 1, 'testTask', 'renren', 0, NULL, 1, '2020-08-24 02:00:00');
INSERT INTO `schedule_job_log` VALUES (62, 1, 'testTask', 'renren', 0, NULL, 0, '2020-08-24 02:30:00');
INSERT INTO `schedule_job_log` VALUES (63, 1, 'testTask', 'renren', 0, NULL, 0, '2020-08-24 03:00:00');
INSERT INTO `schedule_job_log` VALUES (64, 1, 'testTask', 'renren', 0, NULL, 0, '2020-08-24 03:30:00');
INSERT INTO `schedule_job_log` VALUES (65, 1, 'testTask', 'renren', 0, NULL, 1, '2020-08-24 04:00:00');
INSERT INTO `schedule_job_log` VALUES (66, 1, 'testTask', 'renren', 0, NULL, 0, '2020-08-24 04:30:00');
INSERT INTO `schedule_job_log` VALUES (67, 1, 'testTask', 'renren', 0, NULL, 1, '2020-08-24 05:00:00');
INSERT INTO `schedule_job_log` VALUES (68, 1, 'testTask', 'renren', 0, NULL, 0, '2020-08-24 05:30:00');
INSERT INTO `schedule_job_log` VALUES (69, 1, 'testTask', 'renren', 0, NULL, 1, '2020-08-24 06:00:00');
INSERT INTO `schedule_job_log` VALUES (70, 1, 'testTask', 'renren', 0, NULL, 0, '2020-08-24 06:30:00');
INSERT INTO `schedule_job_log` VALUES (71, 1, 'testTask', 'renren', 0, NULL, 0, '2020-08-24 07:00:00');
INSERT INTO `schedule_job_log` VALUES (72, 1, 'testTask', 'renren', 0, NULL, 1, '2020-08-24 07:30:00');
INSERT INTO `schedule_job_log` VALUES (73, 1, 'testTask', 'renren', 0, NULL, 1, '2020-08-24 08:00:00');
INSERT INTO `schedule_job_log` VALUES (74, 1, 'testTask', 'renren', 0, NULL, 0, '2020-08-24 08:30:00');
INSERT INTO `schedule_job_log` VALUES (75, 1, 'testTask', 'renren', 0, NULL, 0, '2020-08-24 09:00:00');
INSERT INTO `schedule_job_log` VALUES (76, 1, 'testTask', 'renren', 0, NULL, 0, '2020-08-24 09:30:00');
INSERT INTO `schedule_job_log` VALUES (77, 1, 'testTask', 'renren', 0, NULL, 0, '2020-08-24 10:00:00');
INSERT INTO `schedule_job_log` VALUES (78, 1, 'testTask', 'renren', 0, NULL, 1, '2020-08-24 10:30:00');
INSERT INTO `schedule_job_log` VALUES (79, 1, 'testTask', 'renren', 0, NULL, 0, '2020-08-24 11:00:00');
INSERT INTO `schedule_job_log` VALUES (80, 1, 'testTask', 'renren', 0, NULL, 0, '2020-08-24 11:30:00');
INSERT INTO `schedule_job_log` VALUES (81, 1, 'testTask', 'renren', 0, NULL, 0, '2020-08-24 12:00:00');
INSERT INTO `schedule_job_log` VALUES (82, 1, 'testTask', 'renren', 0, NULL, 0, '2020-08-24 12:30:00');
INSERT INTO `schedule_job_log` VALUES (83, 1, 'testTask', 'renren', 0, NULL, 1, '2020-08-24 13:00:00');
INSERT INTO `schedule_job_log` VALUES (84, 1, 'testTask', 'renren', 0, NULL, 0, '2020-08-24 13:30:00');
INSERT INTO `schedule_job_log` VALUES (85, 1, 'testTask', 'renren', 0, NULL, 1, '2020-08-24 14:00:00');
INSERT INTO `schedule_job_log` VALUES (86, 1, 'testTask', 'renren', 0, NULL, 0, '2020-08-24 14:30:00');
INSERT INTO `schedule_job_log` VALUES (87, 1, 'testTask', 'renren', 0, NULL, 0, '2020-08-24 15:00:00');
INSERT INTO `schedule_job_log` VALUES (88, 1, 'testTask', 'renren', 0, NULL, 0, '2020-08-24 15:30:00');
INSERT INTO `schedule_job_log` VALUES (89, 1, 'testTask', 'renren', 0, NULL, 0, '2020-08-24 16:00:00');
INSERT INTO `schedule_job_log` VALUES (90, 1, 'testTask', 'renren', 0, NULL, 0, '2020-08-24 16:30:00');
INSERT INTO `schedule_job_log` VALUES (91, 1, 'testTask', 'renren', 0, NULL, 0, '2020-08-24 17:00:00');
INSERT INTO `schedule_job_log` VALUES (92, 1, 'testTask', 'renren', 0, NULL, 0, '2020-08-24 17:30:00');
INSERT INTO `schedule_job_log` VALUES (93, 1, 'testTask', 'renren', 0, NULL, 0, '2020-08-24 18:00:00');
INSERT INTO `schedule_job_log` VALUES (94, 1, 'testTask', 'renren', 0, NULL, 0, '2020-08-24 18:30:00');
INSERT INTO `schedule_job_log` VALUES (95, 1, 'testTask', 'renren', 0, NULL, 0, '2020-08-24 19:00:00');
INSERT INTO `schedule_job_log` VALUES (96, 1, 'testTask', 'renren', 0, NULL, 0, '2020-08-24 19:30:00');
INSERT INTO `schedule_job_log` VALUES (97, 1, 'testTask', 'renren', 0, NULL, 0, '2020-08-24 20:00:00');
INSERT INTO `schedule_job_log` VALUES (98, 1, 'testTask', 'renren', 0, NULL, 0, '2020-08-24 20:30:00');
INSERT INTO `schedule_job_log` VALUES (99, 1, 'testTask', 'renren', 0, NULL, 1, '2020-08-24 21:00:00');
INSERT INTO `schedule_job_log` VALUES (100, 1, 'testTask', 'renren', 0, NULL, 1, '2020-08-24 21:30:00');
INSERT INTO `schedule_job_log` VALUES (101, 1, 'testTask', 'renren', 0, NULL, 0, '2020-08-24 22:00:00');
INSERT INTO `schedule_job_log` VALUES (102, 1, 'testTask', 'renren', 0, NULL, 0, '2020-08-24 22:30:00');
INSERT INTO `schedule_job_log` VALUES (103, 1, 'testTask', 'renren', 0, NULL, 0, '2020-08-24 23:00:00');
INSERT INTO `schedule_job_log` VALUES (104, 1, 'testTask', 'renren', 0, NULL, 0, '2020-08-24 23:30:00');
INSERT INTO `schedule_job_log` VALUES (105, 1, 'testTask', 'renren', 0, NULL, 1, '2020-08-25 00:00:00');
INSERT INTO `schedule_job_log` VALUES (106, 1, 'testTask', 'renren', 0, NULL, 0, '2020-08-25 00:30:00');
INSERT INTO `schedule_job_log` VALUES (107, 1, 'testTask', 'renren', 0, NULL, 0, '2020-08-25 01:00:00');
INSERT INTO `schedule_job_log` VALUES (108, 1, 'testTask', 'renren', 0, NULL, 1, '2020-08-25 01:30:00');
INSERT INTO `schedule_job_log` VALUES (109, 1, 'testTask', 'renren', 0, NULL, 0, '2020-08-25 02:00:00');
INSERT INTO `schedule_job_log` VALUES (110, 1, 'testTask', 'renren', 0, NULL, 0, '2020-08-25 02:30:00');
INSERT INTO `schedule_job_log` VALUES (111, 1, 'testTask', 'renren', 0, NULL, 0, '2020-08-25 03:00:00');
INSERT INTO `schedule_job_log` VALUES (112, 1, 'testTask', 'renren', 0, NULL, 0, '2020-08-25 03:30:00');
INSERT INTO `schedule_job_log` VALUES (113, 1, 'testTask', 'renren', 0, NULL, 0, '2020-08-25 04:00:00');
INSERT INTO `schedule_job_log` VALUES (114, 1, 'testTask', 'renren', 0, NULL, 0, '2020-08-25 04:30:00');
INSERT INTO `schedule_job_log` VALUES (115, 1, 'testTask', 'renren', 0, NULL, 0, '2020-08-25 05:00:00');
INSERT INTO `schedule_job_log` VALUES (116, 1, 'testTask', 'renren', 0, NULL, 0, '2020-08-25 05:30:00');
INSERT INTO `schedule_job_log` VALUES (117, 1, 'testTask', 'renren', 0, NULL, 0, '2020-08-25 06:00:00');
INSERT INTO `schedule_job_log` VALUES (118, 1, 'testTask', 'renren', 0, NULL, 0, '2020-08-25 06:30:00');
INSERT INTO `schedule_job_log` VALUES (119, 1, 'testTask', 'renren', 0, NULL, 0, '2020-08-25 07:00:00');
INSERT INTO `schedule_job_log` VALUES (120, 1, 'testTask', 'renren', 0, NULL, 0, '2020-08-25 07:30:00');
INSERT INTO `schedule_job_log` VALUES (121, 1, 'testTask', 'renren', 0, NULL, 0, '2020-08-25 08:00:00');
INSERT INTO `schedule_job_log` VALUES (122, 1, 'testTask', 'renren', 0, NULL, 0, '2020-08-25 08:30:00');
INSERT INTO `schedule_job_log` VALUES (123, 1, 'testTask', 'renren', 0, NULL, 1, '2020-08-25 09:00:00');
INSERT INTO `schedule_job_log` VALUES (124, 1, 'testTask', 'renren', 0, NULL, 0, '2020-08-25 09:30:00');
INSERT INTO `schedule_job_log` VALUES (125, 1, 'testTask', 'renren', 0, NULL, 1, '2020-08-25 10:00:00');
INSERT INTO `schedule_job_log` VALUES (126, 1, 'testTask', 'renren', 0, NULL, 0, '2020-08-25 10:30:00');
INSERT INTO `schedule_job_log` VALUES (127, 1, 'testTask', 'renren', 0, NULL, 0, '2020-08-25 11:00:00');
INSERT INTO `schedule_job_log` VALUES (128, 1, 'testTask', 'renren', 0, NULL, 0, '2020-08-25 11:30:00');
INSERT INTO `schedule_job_log` VALUES (129, 1, 'testTask', 'renren', 0, NULL, 0, '2020-08-25 12:00:00');
INSERT INTO `schedule_job_log` VALUES (130, 1, 'testTask', 'renren', 0, NULL, 0, '2020-08-25 12:30:00');
INSERT INTO `schedule_job_log` VALUES (131, 1, 'testTask', 'renren', 0, NULL, 0, '2020-08-25 13:00:00');
INSERT INTO `schedule_job_log` VALUES (132, 1, 'testTask', 'renren', 0, NULL, 0, '2020-08-25 13:30:00');
INSERT INTO `schedule_job_log` VALUES (133, 1, 'testTask', 'renren', 0, NULL, 0, '2020-08-25 14:00:00');
INSERT INTO `schedule_job_log` VALUES (134, 1, 'testTask', 'renren', 0, NULL, 0, '2020-08-25 14:30:00');
INSERT INTO `schedule_job_log` VALUES (135, 1, 'testTask', 'renren', 0, NULL, 0, '2020-08-25 15:00:00');
INSERT INTO `schedule_job_log` VALUES (136, 1, 'testTask', 'renren', 0, NULL, 0, '2020-08-25 15:30:00');
INSERT INTO `schedule_job_log` VALUES (137, 1, 'testTask', 'renren', 0, NULL, 1, '2020-08-25 16:00:00');
INSERT INTO `schedule_job_log` VALUES (138, 1, 'testTask', 'renren', 0, NULL, 0, '2020-08-25 16:30:00');
INSERT INTO `schedule_job_log` VALUES (139, 1, 'testTask', 'renren', 0, NULL, 1, '2020-08-25 17:00:00');
INSERT INTO `schedule_job_log` VALUES (140, 1, 'testTask', 'renren', 0, NULL, 0, '2020-08-25 17:30:00');
INSERT INTO `schedule_job_log` VALUES (141, 1, 'testTask', 'renren', 0, NULL, 0, '2020-08-25 18:00:00');
INSERT INTO `schedule_job_log` VALUES (142, 1, 'testTask', 'renren', 0, NULL, 0, '2020-08-25 18:30:00');
INSERT INTO `schedule_job_log` VALUES (143, 1, 'testTask', 'renren', 0, NULL, 0, '2020-08-25 19:00:00');
INSERT INTO `schedule_job_log` VALUES (144, 1, 'testTask', 'renren', 0, NULL, 0, '2020-08-25 19:30:00');
INSERT INTO `schedule_job_log` VALUES (145, 1, 'testTask', 'renren', 0, NULL, 0, '2020-08-25 20:00:00');
INSERT INTO `schedule_job_log` VALUES (146, 1, 'testTask', 'renren', 0, NULL, 0, '2020-08-25 20:30:00');
INSERT INTO `schedule_job_log` VALUES (147, 1, 'testTask', 'renren', 0, NULL, 1, '2020-08-25 21:00:00');
INSERT INTO `schedule_job_log` VALUES (148, 1, 'testTask', 'renren', 0, NULL, 0, '2020-08-25 21:30:00');
INSERT INTO `schedule_job_log` VALUES (149, 1, 'testTask', 'renren', 0, NULL, 0, '2020-08-25 22:00:00');
INSERT INTO `schedule_job_log` VALUES (150, 1, 'testTask', 'renren', 0, NULL, 0, '2020-08-25 22:30:00');
INSERT INTO `schedule_job_log` VALUES (151, 1, 'testTask', 'renren', 0, NULL, 0, '2020-08-25 23:00:00');
INSERT INTO `schedule_job_log` VALUES (152, 1, 'testTask', 'renren', 0, NULL, 0, '2020-08-25 23:30:00');
INSERT INTO `schedule_job_log` VALUES (153, 1, 'testTask', 'renren', 0, NULL, 3, '2020-08-26 00:00:00');
INSERT INTO `schedule_job_log` VALUES (154, 1, 'testTask', 'renren', 0, NULL, 1, '2020-08-26 00:30:00');
INSERT INTO `schedule_job_log` VALUES (155, 1, 'testTask', 'renren', 0, NULL, 0, '2020-08-26 01:00:00');
INSERT INTO `schedule_job_log` VALUES (156, 1, 'testTask', 'renren', 0, NULL, 0, '2020-08-26 01:30:00');
INSERT INTO `schedule_job_log` VALUES (157, 1, 'testTask', 'renren', 0, NULL, 0, '2020-08-26 02:00:00');
INSERT INTO `schedule_job_log` VALUES (158, 1, 'testTask', 'renren', 0, NULL, 0, '2020-08-26 02:30:00');
INSERT INTO `schedule_job_log` VALUES (159, 1, 'testTask', 'renren', 0, NULL, 0, '2020-08-26 03:00:00');
INSERT INTO `schedule_job_log` VALUES (160, 1, 'testTask', 'renren', 0, NULL, 0, '2020-08-26 03:30:00');
INSERT INTO `schedule_job_log` VALUES (161, 1, 'testTask', 'renren', 0, NULL, 0, '2020-08-26 04:00:00');
INSERT INTO `schedule_job_log` VALUES (162, 1, 'testTask', 'renren', 0, NULL, 0, '2020-08-26 04:30:00');
INSERT INTO `schedule_job_log` VALUES (163, 1, 'testTask', 'renren', 0, NULL, 0, '2020-08-26 05:00:00');
INSERT INTO `schedule_job_log` VALUES (164, 1, 'testTask', 'renren', 0, NULL, 0, '2020-08-26 05:30:00');
INSERT INTO `schedule_job_log` VALUES (165, 1, 'testTask', 'renren', 0, NULL, 0, '2020-08-26 06:00:00');
INSERT INTO `schedule_job_log` VALUES (166, 1, 'testTask', 'renren', 0, NULL, 0, '2020-08-26 06:30:00');
INSERT INTO `schedule_job_log` VALUES (167, 1, 'testTask', 'renren', 0, NULL, 1, '2020-08-26 07:00:00');
INSERT INTO `schedule_job_log` VALUES (168, 1, 'testTask', 'renren', 0, NULL, 0, '2020-08-26 07:30:00');
INSERT INTO `schedule_job_log` VALUES (169, 1, 'testTask', 'renren', 0, NULL, 1, '2020-08-26 08:00:00');
INSERT INTO `schedule_job_log` VALUES (170, 1, 'testTask', 'renren', 0, NULL, 0, '2020-08-26 08:30:00');
INSERT INTO `schedule_job_log` VALUES (171, 1, 'testTask', 'renren', 0, NULL, 1, '2020-08-26 09:00:00');
INSERT INTO `schedule_job_log` VALUES (172, 1, 'testTask', 'renren', 0, NULL, 1, '2020-08-26 09:30:00');
INSERT INTO `schedule_job_log` VALUES (173, 1, 'testTask', 'renren', 0, NULL, 0, '2020-08-26 10:00:00');
INSERT INTO `schedule_job_log` VALUES (174, 1, 'testTask', 'renren', 0, NULL, 0, '2020-08-26 10:30:00');
INSERT INTO `schedule_job_log` VALUES (175, 1, 'testTask', 'renren', 0, NULL, 0, '2020-08-26 11:00:00');
INSERT INTO `schedule_job_log` VALUES (176, 1, 'testTask', 'renren', 0, NULL, 0, '2020-08-26 11:30:00');
INSERT INTO `schedule_job_log` VALUES (177, 1, 'testTask', 'renren', 0, NULL, 0, '2020-08-26 12:00:00');
INSERT INTO `schedule_job_log` VALUES (178, 1, 'testTask', 'renren', 0, NULL, 0, '2020-08-26 12:30:00');
INSERT INTO `schedule_job_log` VALUES (179, 1, 'testTask', 'renren', 0, NULL, 0, '2020-08-26 13:00:00');
INSERT INTO `schedule_job_log` VALUES (180, 1, 'testTask', 'renren', 0, NULL, 0, '2020-08-26 13:30:00');
INSERT INTO `schedule_job_log` VALUES (181, 1, 'testTask', 'renren', 0, NULL, 0, '2020-08-26 14:00:00');
INSERT INTO `schedule_job_log` VALUES (182, 1, 'testTask', 'renren', 0, NULL, 0, '2020-08-26 14:30:00');
INSERT INTO `schedule_job_log` VALUES (183, 1, 'testTask', 'renren', 0, NULL, 0, '2020-08-26 15:00:00');
INSERT INTO `schedule_job_log` VALUES (184, 1, 'testTask', 'renren', 0, NULL, 0, '2020-08-26 15:30:00');
INSERT INTO `schedule_job_log` VALUES (185, 1, 'testTask', 'renren', 0, NULL, 1, '2020-08-26 16:00:00');
INSERT INTO `schedule_job_log` VALUES (186, 1, 'testTask', 'renren', 0, NULL, 0, '2020-08-26 16:30:00');
INSERT INTO `schedule_job_log` VALUES (187, 1, 'testTask', 'renren', 0, NULL, 1, '2020-08-26 17:00:00');
INSERT INTO `schedule_job_log` VALUES (188, 1, 'testTask', 'renren', 0, NULL, 0, '2020-08-26 17:30:00');
INSERT INTO `schedule_job_log` VALUES (189, 1, 'testTask', 'renren', 0, NULL, 0, '2020-08-26 18:00:00');
INSERT INTO `schedule_job_log` VALUES (190, 1, 'testTask', 'renren', 0, NULL, 0, '2020-08-26 18:30:00');
INSERT INTO `schedule_job_log` VALUES (191, 1, 'testTask', 'renren', 0, NULL, 0, '2020-08-26 19:00:00');
INSERT INTO `schedule_job_log` VALUES (192, 1, 'testTask', 'renren', 0, NULL, 1, '2020-08-26 19:30:00');
INSERT INTO `schedule_job_log` VALUES (193, 1, 'testTask', 'renren', 0, NULL, 0, '2020-08-26 20:00:00');
INSERT INTO `schedule_job_log` VALUES (194, 1, 'testTask', 'renren', 0, NULL, 0, '2020-08-26 20:30:00');
INSERT INTO `schedule_job_log` VALUES (195, 1, 'testTask', 'renren', 0, NULL, 0, '2020-08-26 21:00:00');
INSERT INTO `schedule_job_log` VALUES (196, 1, 'testTask', 'renren', 0, NULL, 0, '2020-08-26 21:30:00');
INSERT INTO `schedule_job_log` VALUES (197, 1, 'testTask', 'renren', 0, NULL, 0, '2020-08-26 22:00:00');
INSERT INTO `schedule_job_log` VALUES (198, 1, 'testTask', 'renren', 0, NULL, 0, '2020-08-26 22:30:00');
INSERT INTO `schedule_job_log` VALUES (199, 1, 'testTask', 'renren', 0, NULL, 0, '2020-08-26 23:00:00');
INSERT INTO `schedule_job_log` VALUES (200, 1, 'testTask', 'renren', 0, NULL, 0, '2020-08-26 23:30:00');
INSERT INTO `schedule_job_log` VALUES (201, 1, 'testTask', 'renren', 0, NULL, 2, '2020-08-27 00:00:00');
INSERT INTO `schedule_job_log` VALUES (202, 1, 'testTask', 'renren', 0, NULL, 1, '2020-08-27 00:30:00');
INSERT INTO `schedule_job_log` VALUES (203, 1, 'testTask', 'renren', 0, NULL, 0, '2020-08-27 01:00:00');
INSERT INTO `schedule_job_log` VALUES (204, 1, 'testTask', 'renren', 0, NULL, 1, '2020-08-27 01:30:00');
INSERT INTO `schedule_job_log` VALUES (205, 1, 'testTask', 'renren', 0, NULL, 0, '2020-08-27 02:00:00');
INSERT INTO `schedule_job_log` VALUES (206, 1, 'testTask', 'renren', 0, NULL, 0, '2020-08-27 02:30:00');
INSERT INTO `schedule_job_log` VALUES (207, 1, 'testTask', 'renren', 0, NULL, 1, '2020-08-27 03:00:00');
INSERT INTO `schedule_job_log` VALUES (208, 1, 'testTask', 'renren', 0, NULL, 0, '2020-08-27 03:30:00');
INSERT INTO `schedule_job_log` VALUES (209, 1, 'testTask', 'renren', 0, NULL, 0, '2020-08-27 04:00:00');
INSERT INTO `schedule_job_log` VALUES (210, 1, 'testTask', 'renren', 0, NULL, 0, '2020-08-27 04:30:00');
INSERT INTO `schedule_job_log` VALUES (211, 1, 'testTask', 'renren', 0, NULL, 0, '2020-08-27 05:00:00');
INSERT INTO `schedule_job_log` VALUES (212, 1, 'testTask', 'renren', 0, NULL, 1, '2020-08-27 05:30:00');
INSERT INTO `schedule_job_log` VALUES (213, 1, 'testTask', 'renren', 0, NULL, 0, '2020-08-27 06:00:00');
INSERT INTO `schedule_job_log` VALUES (214, 1, 'testTask', 'renren', 0, NULL, 0, '2020-08-27 06:30:00');
INSERT INTO `schedule_job_log` VALUES (215, 1, 'testTask', 'renren', 0, NULL, 0, '2020-08-27 07:00:00');
INSERT INTO `schedule_job_log` VALUES (216, 1, 'testTask', 'renren', 0, NULL, 0, '2020-08-27 07:30:00');
INSERT INTO `schedule_job_log` VALUES (217, 1, 'testTask', 'renren', 0, NULL, 1, '2020-08-27 08:00:00');
INSERT INTO `schedule_job_log` VALUES (218, 1, 'testTask', 'renren', 0, NULL, 1, '2020-08-27 08:30:00');
INSERT INTO `schedule_job_log` VALUES (219, 1, 'testTask', 'renren', 0, NULL, 1, '2020-08-27 09:00:00');
INSERT INTO `schedule_job_log` VALUES (220, 1, 'testTask', 'renren', 0, NULL, 0, '2020-08-27 09:30:00');
INSERT INTO `schedule_job_log` VALUES (221, 1, 'testTask', 'renren', 0, NULL, 1, '2020-08-27 10:00:00');
INSERT INTO `schedule_job_log` VALUES (222, 1, 'testTask', 'renren', 0, NULL, 0, '2020-08-27 10:30:00');
INSERT INTO `schedule_job_log` VALUES (223, 1, 'testTask', 'renren', 0, NULL, 0, '2020-08-27 11:00:00');
INSERT INTO `schedule_job_log` VALUES (224, 1, 'testTask', 'renren', 0, NULL, 1, '2020-08-27 11:30:00');
INSERT INTO `schedule_job_log` VALUES (225, 1, 'testTask', 'renren', 0, NULL, 0, '2020-08-27 12:00:00');
INSERT INTO `schedule_job_log` VALUES (226, 1, 'testTask', 'renren', 0, NULL, 0, '2020-08-27 12:30:00');
INSERT INTO `schedule_job_log` VALUES (227, 1, 'testTask', 'renren', 0, NULL, 0, '2020-08-27 13:00:00');
INSERT INTO `schedule_job_log` VALUES (228, 1, 'testTask', 'renren', 0, NULL, 0, '2020-08-27 13:30:00');
INSERT INTO `schedule_job_log` VALUES (229, 1, 'testTask', 'renren', 0, NULL, 0, '2020-08-27 14:00:00');
INSERT INTO `schedule_job_log` VALUES (230, 1, 'testTask', 'renren', 0, NULL, 0, '2020-08-27 14:30:00');
INSERT INTO `schedule_job_log` VALUES (231, 1, 'testTask', 'renren', 0, NULL, 0, '2020-08-27 15:00:00');
INSERT INTO `schedule_job_log` VALUES (232, 1, 'testTask', 'renren', 0, NULL, 0, '2020-08-27 15:30:00');
INSERT INTO `schedule_job_log` VALUES (233, 1, 'testTask', 'renren', 0, NULL, 0, '2020-08-27 16:00:00');
INSERT INTO `schedule_job_log` VALUES (234, 1, 'testTask', 'renren', 0, NULL, 0, '2020-08-27 16:30:00');
INSERT INTO `schedule_job_log` VALUES (235, 1, 'testTask', 'renren', 0, NULL, 0, '2020-08-27 17:00:00');
INSERT INTO `schedule_job_log` VALUES (236, 1, 'testTask', 'renren', 0, NULL, 0, '2020-08-27 17:30:00');
INSERT INTO `schedule_job_log` VALUES (237, 1, 'testTask', 'renren', 0, NULL, 1, '2020-08-27 18:00:00');
INSERT INTO `schedule_job_log` VALUES (238, 1, 'testTask', 'renren', 0, NULL, 0, '2020-08-27 18:30:00');
INSERT INTO `schedule_job_log` VALUES (239, 1, 'testTask', 'renren', 0, NULL, 0, '2020-08-27 19:00:00');
INSERT INTO `schedule_job_log` VALUES (240, 1, 'testTask', 'renren', 0, NULL, 0, '2020-08-27 19:30:00');
INSERT INTO `schedule_job_log` VALUES (241, 1, 'testTask', 'renren', 0, NULL, 1, '2020-08-27 20:00:00');
INSERT INTO `schedule_job_log` VALUES (242, 1, 'testTask', 'renren', 0, NULL, 0, '2020-08-27 20:30:00');
INSERT INTO `schedule_job_log` VALUES (243, 1, 'testTask', 'renren', 0, NULL, 0, '2020-08-27 21:00:00');
INSERT INTO `schedule_job_log` VALUES (244, 1, 'testTask', 'renren', 0, NULL, 0, '2020-08-27 21:30:00');
INSERT INTO `schedule_job_log` VALUES (245, 1, 'testTask', 'renren', 0, NULL, 0, '2020-08-27 22:00:00');
INSERT INTO `schedule_job_log` VALUES (246, 1, 'testTask', 'renren', 0, NULL, 0, '2020-08-27 22:30:00');
INSERT INTO `schedule_job_log` VALUES (247, 1, 'testTask', 'renren', 0, NULL, 1, '2020-08-27 23:00:00');
INSERT INTO `schedule_job_log` VALUES (248, 1, 'testTask', 'renren', 0, NULL, 0, '2020-08-27 23:30:00');
INSERT INTO `schedule_job_log` VALUES (249, 1, 'testTask', 'renren', 0, NULL, 3, '2020-08-28 00:00:00');
INSERT INTO `schedule_job_log` VALUES (250, 1, 'testTask', 'renren', 0, NULL, 2, '2020-08-28 00:30:00');
INSERT INTO `schedule_job_log` VALUES (251, 1, 'testTask', 'renren', 0, NULL, 0, '2020-08-28 01:00:00');
INSERT INTO `schedule_job_log` VALUES (252, 1, 'testTask', 'renren', 0, NULL, 0, '2020-08-28 01:30:00');
INSERT INTO `schedule_job_log` VALUES (253, 1, 'testTask', 'renren', 0, NULL, 1, '2020-08-28 02:00:00');
INSERT INTO `schedule_job_log` VALUES (254, 1, 'testTask', 'renren', 0, NULL, 0, '2020-08-28 02:30:00');
INSERT INTO `schedule_job_log` VALUES (255, 1, 'testTask', 'renren', 0, NULL, 0, '2020-08-28 03:00:00');
INSERT INTO `schedule_job_log` VALUES (256, 1, 'testTask', 'renren', 0, NULL, 0, '2020-08-28 03:30:00');
INSERT INTO `schedule_job_log` VALUES (257, 1, 'testTask', 'renren', 0, NULL, 0, '2020-08-28 04:00:00');
INSERT INTO `schedule_job_log` VALUES (258, 1, 'testTask', 'renren', 0, NULL, 0, '2020-08-28 04:30:00');
INSERT INTO `schedule_job_log` VALUES (259, 1, 'testTask', 'renren', 0, NULL, 0, '2020-08-28 05:00:00');
INSERT INTO `schedule_job_log` VALUES (260, 1, 'testTask', 'renren', 0, NULL, 0, '2020-08-28 05:30:00');
INSERT INTO `schedule_job_log` VALUES (261, 1, 'testTask', 'renren', 0, NULL, 1, '2020-08-28 06:00:00');
INSERT INTO `schedule_job_log` VALUES (262, 1, 'testTask', 'renren', 0, NULL, 0, '2020-08-28 06:30:00');
INSERT INTO `schedule_job_log` VALUES (263, 1, 'testTask', 'renren', 0, NULL, 1, '2020-08-28 07:00:00');
INSERT INTO `schedule_job_log` VALUES (264, 1, 'testTask', 'renren', 0, NULL, 0, '2020-08-28 07:30:00');
INSERT INTO `schedule_job_log` VALUES (265, 1, 'testTask', 'renren', 0, NULL, 1, '2020-08-28 08:00:00');
INSERT INTO `schedule_job_log` VALUES (266, 1, 'testTask', 'renren', 0, NULL, 1, '2020-08-28 08:30:00');
INSERT INTO `schedule_job_log` VALUES (267, 1, 'testTask', 'renren', 0, NULL, 0, '2020-08-28 09:00:00');
INSERT INTO `schedule_job_log` VALUES (268, 1, 'testTask', 'renren', 0, NULL, 0, '2020-08-28 09:30:00');
INSERT INTO `schedule_job_log` VALUES (269, 1, 'testTask', 'renren', 0, NULL, 0, '2020-08-28 10:00:00');
INSERT INTO `schedule_job_log` VALUES (270, 1, 'testTask', 'renren', 0, NULL, 0, '2020-08-28 10:30:00');
INSERT INTO `schedule_job_log` VALUES (271, 1, 'testTask', 'renren', 0, NULL, 0, '2020-08-28 11:00:00');
INSERT INTO `schedule_job_log` VALUES (272, 1, 'testTask', 'renren', 0, NULL, 1, '2020-08-28 11:30:00');
INSERT INTO `schedule_job_log` VALUES (273, 1, 'testTask', 'renren', 0, NULL, 1, '2020-08-28 12:00:00');
INSERT INTO `schedule_job_log` VALUES (274, 1, 'testTask', 'renren', 0, NULL, 0, '2020-08-28 12:30:00');
INSERT INTO `schedule_job_log` VALUES (275, 1, 'testTask', 'renren', 0, NULL, 0, '2020-08-28 13:00:00');
INSERT INTO `schedule_job_log` VALUES (276, 1, 'testTask', 'renren', 0, NULL, 0, '2020-08-28 13:30:00');
INSERT INTO `schedule_job_log` VALUES (277, 1, 'testTask', 'renren', 0, NULL, 0, '2020-08-28 14:00:00');
INSERT INTO `schedule_job_log` VALUES (278, 1, 'testTask', 'renren', 0, NULL, 0, '2020-08-28 14:30:00');
INSERT INTO `schedule_job_log` VALUES (279, 1, 'testTask', 'renren', 0, NULL, 1, '2020-08-28 15:00:00');
INSERT INTO `schedule_job_log` VALUES (280, 1, 'testTask', 'renren', 0, NULL, 0, '2020-08-28 15:30:00');
INSERT INTO `schedule_job_log` VALUES (281, 1, 'testTask', 'renren', 0, NULL, 0, '2020-08-28 16:00:00');
INSERT INTO `schedule_job_log` VALUES (282, 1, 'testTask', 'renren', 0, NULL, 1, '2020-08-28 16:30:00');
INSERT INTO `schedule_job_log` VALUES (283, 1, 'testTask', 'renren', 0, NULL, 1, '2020-08-28 17:00:00');
INSERT INTO `schedule_job_log` VALUES (284, 1, 'testTask', 'renren', 0, NULL, 1, '2020-08-28 17:30:00');
INSERT INTO `schedule_job_log` VALUES (285, 1, 'testTask', 'renren', 0, NULL, 0, '2020-08-28 18:00:00');
INSERT INTO `schedule_job_log` VALUES (286, 1, 'testTask', 'renren', 0, NULL, 0, '2020-08-28 18:30:00');
INSERT INTO `schedule_job_log` VALUES (287, 1, 'testTask', 'renren', 0, NULL, 0, '2020-08-28 19:00:00');
INSERT INTO `schedule_job_log` VALUES (288, 1, 'testTask', 'renren', 0, NULL, 0, '2020-08-28 19:30:00');
INSERT INTO `schedule_job_log` VALUES (289, 1, 'testTask', 'renren', 0, NULL, 0, '2020-08-28 20:00:00');
INSERT INTO `schedule_job_log` VALUES (290, 1, 'testTask', 'renren', 0, NULL, 0, '2020-08-28 20:30:00');
INSERT INTO `schedule_job_log` VALUES (291, 1, 'testTask', 'renren', 0, NULL, 1, '2020-08-28 21:00:00');
INSERT INTO `schedule_job_log` VALUES (292, 1, 'testTask', 'renren', 0, NULL, 0, '2020-08-28 21:30:00');
INSERT INTO `schedule_job_log` VALUES (293, 1, 'testTask', 'renren', 0, NULL, 0, '2020-08-28 22:00:00');
INSERT INTO `schedule_job_log` VALUES (294, 1, 'testTask', 'renren', 0, NULL, 1, '2020-08-28 22:30:00');
INSERT INTO `schedule_job_log` VALUES (295, 1, 'testTask', 'renren', 0, NULL, 0, '2020-08-28 23:00:00');
INSERT INTO `schedule_job_log` VALUES (296, 1, 'testTask', 'renren', 0, NULL, 0, '2020-08-28 23:30:00');
INSERT INTO `schedule_job_log` VALUES (297, 1, 'testTask', 'renren', 0, NULL, 2, '2020-08-29 00:00:00');
INSERT INTO `schedule_job_log` VALUES (298, 1, 'testTask', 'renren', 0, NULL, 0, '2020-08-29 00:30:00');
INSERT INTO `schedule_job_log` VALUES (299, 1, 'testTask', 'renren', 0, NULL, 0, '2020-08-29 01:00:00');
INSERT INTO `schedule_job_log` VALUES (300, 1, 'testTask', 'renren', 0, NULL, 0, '2020-08-29 01:30:00');
INSERT INTO `schedule_job_log` VALUES (301, 1, 'testTask', 'renren', 0, NULL, 0, '2020-08-29 02:00:00');
INSERT INTO `schedule_job_log` VALUES (302, 1, 'testTask', 'renren', 0, NULL, 0, '2020-08-29 02:30:00');
INSERT INTO `schedule_job_log` VALUES (303, 1, 'testTask', 'renren', 0, NULL, 0, '2020-08-29 03:00:00');
INSERT INTO `schedule_job_log` VALUES (304, 1, 'testTask', 'renren', 0, NULL, 0, '2020-08-29 03:30:00');
INSERT INTO `schedule_job_log` VALUES (305, 1, 'testTask', 'renren', 0, NULL, 0, '2020-08-29 04:00:00');
INSERT INTO `schedule_job_log` VALUES (306, 1, 'testTask', 'renren', 0, NULL, 1, '2020-08-29 04:30:00');
INSERT INTO `schedule_job_log` VALUES (307, 1, 'testTask', 'renren', 0, NULL, 0, '2020-08-29 05:00:00');
INSERT INTO `schedule_job_log` VALUES (308, 1, 'testTask', 'renren', 0, NULL, 0, '2020-08-29 05:30:00');
INSERT INTO `schedule_job_log` VALUES (309, 1, 'testTask', 'renren', 0, NULL, 1, '2020-08-29 06:00:00');
INSERT INTO `schedule_job_log` VALUES (310, 1, 'testTask', 'renren', 0, NULL, 0, '2020-08-29 06:30:00');
INSERT INTO `schedule_job_log` VALUES (311, 1, 'testTask', 'renren', 0, NULL, 1, '2020-08-29 07:00:00');
INSERT INTO `schedule_job_log` VALUES (312, 1, 'testTask', 'renren', 0, NULL, 1, '2020-08-29 07:30:00');
INSERT INTO `schedule_job_log` VALUES (313, 1, 'testTask', 'renren', 0, NULL, 0, '2020-08-29 08:00:00');
INSERT INTO `schedule_job_log` VALUES (314, 1, 'testTask', 'renren', 0, NULL, 1, '2020-08-29 08:30:00');
INSERT INTO `schedule_job_log` VALUES (315, 1, 'testTask', 'renren', 0, NULL, 0, '2020-08-29 09:00:00');
INSERT INTO `schedule_job_log` VALUES (316, 1, 'testTask', 'renren', 0, NULL, 0, '2020-08-29 09:30:00');
INSERT INTO `schedule_job_log` VALUES (317, 1, 'testTask', 'renren', 0, NULL, 0, '2020-08-29 10:00:00');
INSERT INTO `schedule_job_log` VALUES (318, 1, 'testTask', 'renren', 0, NULL, 0, '2020-08-29 10:30:00');
INSERT INTO `schedule_job_log` VALUES (319, 1, 'testTask', 'renren', 0, NULL, 0, '2020-08-29 11:00:00');
INSERT INTO `schedule_job_log` VALUES (320, 1, 'testTask', 'renren', 0, NULL, 0, '2020-08-29 11:30:00');
INSERT INTO `schedule_job_log` VALUES (321, 1, 'testTask', 'renren', 0, NULL, 0, '2020-08-29 12:00:00');
INSERT INTO `schedule_job_log` VALUES (322, 1, 'testTask', 'renren', 0, NULL, 1, '2020-08-29 12:30:00');
INSERT INTO `schedule_job_log` VALUES (323, 1, 'testTask', 'renren', 0, NULL, 0, '2020-08-29 13:00:00');
INSERT INTO `schedule_job_log` VALUES (324, 1, 'testTask', 'renren', 0, NULL, 0, '2020-08-29 13:30:00');
INSERT INTO `schedule_job_log` VALUES (325, 1, 'testTask', 'renren', 0, NULL, 0, '2020-08-29 14:00:00');
INSERT INTO `schedule_job_log` VALUES (326, 1, 'testTask', 'renren', 0, NULL, 0, '2020-08-29 14:30:00');
INSERT INTO `schedule_job_log` VALUES (327, 1, 'testTask', 'renren', 0, NULL, 0, '2020-08-29 15:00:00');
INSERT INTO `schedule_job_log` VALUES (328, 1, 'testTask', 'renren', 0, NULL, 1, '2020-08-29 15:30:00');
INSERT INTO `schedule_job_log` VALUES (329, 1, 'testTask', 'renren', 0, NULL, 0, '2020-08-29 16:00:00');
INSERT INTO `schedule_job_log` VALUES (330, 1, 'testTask', 'renren', 0, NULL, 0, '2020-08-29 16:30:00');
INSERT INTO `schedule_job_log` VALUES (331, 1, 'testTask', 'renren', 0, NULL, 0, '2020-08-29 17:00:00');
INSERT INTO `schedule_job_log` VALUES (332, 1, 'testTask', 'renren', 0, NULL, 0, '2020-08-29 17:30:00');
INSERT INTO `schedule_job_log` VALUES (333, 1, 'testTask', 'renren', 0, NULL, 1, '2020-08-29 18:00:00');
INSERT INTO `schedule_job_log` VALUES (334, 1, 'testTask', 'renren', 0, NULL, 0, '2020-08-29 18:30:00');
INSERT INTO `schedule_job_log` VALUES (335, 1, 'testTask', 'renren', 0, NULL, 0, '2020-08-29 19:00:00');
INSERT INTO `schedule_job_log` VALUES (336, 1, 'testTask', 'renren', 0, NULL, 0, '2020-08-29 19:30:00');
INSERT INTO `schedule_job_log` VALUES (337, 1, 'testTask', 'renren', 0, NULL, 0, '2020-08-29 20:00:00');
INSERT INTO `schedule_job_log` VALUES (338, 1, 'testTask', 'renren', 0, NULL, 0, '2020-08-29 20:30:00');
INSERT INTO `schedule_job_log` VALUES (339, 1, 'testTask', 'renren', 0, NULL, 0, '2020-08-29 21:00:00');
INSERT INTO `schedule_job_log` VALUES (340, 1, 'testTask', 'renren', 0, NULL, 1, '2020-08-29 21:30:00');
INSERT INTO `schedule_job_log` VALUES (341, 1, 'testTask', 'renren', 0, NULL, 0, '2020-08-29 22:00:00');
INSERT INTO `schedule_job_log` VALUES (342, 1, 'testTask', 'renren', 0, NULL, 0, '2020-08-29 22:30:00');
INSERT INTO `schedule_job_log` VALUES (343, 1, 'testTask', 'renren', 0, NULL, 0, '2020-08-29 23:00:00');
INSERT INTO `schedule_job_log` VALUES (344, 1, 'testTask', 'renren', 0, NULL, 1, '2020-08-29 23:30:00');
INSERT INTO `schedule_job_log` VALUES (345, 1, 'testTask', 'renren', 0, NULL, 2, '2020-08-30 00:00:00');
INSERT INTO `schedule_job_log` VALUES (346, 1, 'testTask', 'renren', 0, NULL, 0, '2020-08-30 00:30:00');
INSERT INTO `schedule_job_log` VALUES (347, 1, 'testTask', 'renren', 0, NULL, 0, '2020-08-30 01:00:00');
INSERT INTO `schedule_job_log` VALUES (348, 1, 'testTask', 'renren', 0, NULL, 1, '2020-08-30 01:30:00');
INSERT INTO `schedule_job_log` VALUES (349, 1, 'testTask', 'renren', 0, NULL, 1, '2020-08-30 02:00:00');
INSERT INTO `schedule_job_log` VALUES (350, 1, 'testTask', 'renren', 0, NULL, 0, '2020-08-30 02:30:00');
INSERT INTO `schedule_job_log` VALUES (351, 1, 'testTask', 'renren', 0, NULL, 1, '2020-08-30 03:00:00');
INSERT INTO `schedule_job_log` VALUES (352, 1, 'testTask', 'renren', 0, NULL, 0, '2020-08-30 03:30:00');
INSERT INTO `schedule_job_log` VALUES (353, 1, 'testTask', 'renren', 0, NULL, 0, '2020-08-30 04:00:00');
INSERT INTO `schedule_job_log` VALUES (354, 1, 'testTask', 'renren', 0, NULL, 1, '2020-08-30 04:30:00');
INSERT INTO `schedule_job_log` VALUES (355, 1, 'testTask', 'renren', 0, NULL, 1, '2020-08-30 05:00:00');
INSERT INTO `schedule_job_log` VALUES (356, 1, 'testTask', 'renren', 0, NULL, 0, '2020-08-30 05:30:00');
INSERT INTO `schedule_job_log` VALUES (357, 1, 'testTask', 'renren', 0, NULL, 0, '2020-08-30 06:00:00');
INSERT INTO `schedule_job_log` VALUES (358, 1, 'testTask', 'renren', 0, NULL, 1, '2020-08-30 06:30:00');
INSERT INTO `schedule_job_log` VALUES (359, 1, 'testTask', 'renren', 0, NULL, 0, '2020-08-30 07:00:00');
INSERT INTO `schedule_job_log` VALUES (360, 1, 'testTask', 'renren', 0, NULL, 0, '2020-08-30 07:30:00');
INSERT INTO `schedule_job_log` VALUES (361, 1, 'testTask', 'renren', 0, NULL, 0, '2020-08-30 08:00:00');
INSERT INTO `schedule_job_log` VALUES (362, 1, 'testTask', 'renren', 0, NULL, 0, '2020-08-30 08:30:00');
INSERT INTO `schedule_job_log` VALUES (363, 1, 'testTask', 'renren', 0, NULL, 0, '2020-08-30 09:00:00');
INSERT INTO `schedule_job_log` VALUES (364, 1, 'testTask', 'renren', 0, NULL, 0, '2020-08-30 09:30:00');
INSERT INTO `schedule_job_log` VALUES (365, 1, 'testTask', 'renren', 0, NULL, 0, '2020-08-30 10:00:00');
INSERT INTO `schedule_job_log` VALUES (366, 1, 'testTask', 'renren', 0, NULL, 1, '2020-08-30 10:30:00');
INSERT INTO `schedule_job_log` VALUES (367, 1, 'testTask', 'renren', 0, NULL, 3, '2020-08-30 11:00:00');
INSERT INTO `schedule_job_log` VALUES (368, 1, 'testTask', 'renren', 0, NULL, 0, '2020-08-30 11:30:00');
INSERT INTO `schedule_job_log` VALUES (369, 1, 'testTask', 'renren', 0, NULL, 1, '2020-08-30 12:00:00');
INSERT INTO `schedule_job_log` VALUES (370, 1, 'testTask', 'renren', 0, NULL, 0, '2020-08-30 12:30:00');
INSERT INTO `schedule_job_log` VALUES (371, 1, 'testTask', 'renren', 0, NULL, 0, '2020-08-30 13:00:00');
INSERT INTO `schedule_job_log` VALUES (372, 1, 'testTask', 'renren', 0, NULL, 1, '2020-08-30 13:30:00');
INSERT INTO `schedule_job_log` VALUES (373, 1, 'testTask', 'renren', 0, NULL, 1, '2020-08-30 14:00:00');
INSERT INTO `schedule_job_log` VALUES (374, 1, 'testTask', 'renren', 0, NULL, 0, '2020-08-30 14:30:00');
INSERT INTO `schedule_job_log` VALUES (375, 1, 'testTask', 'renren', 0, NULL, 0, '2020-08-30 15:00:00');
INSERT INTO `schedule_job_log` VALUES (376, 1, 'testTask', 'renren', 0, NULL, 0, '2020-08-30 15:30:00');
INSERT INTO `schedule_job_log` VALUES (377, 1, 'testTask', 'renren', 0, NULL, 0, '2020-08-30 16:00:00');
INSERT INTO `schedule_job_log` VALUES (378, 1, 'testTask', 'renren', 0, NULL, 0, '2020-08-30 16:30:00');
INSERT INTO `schedule_job_log` VALUES (379, 1, 'testTask', 'renren', 0, NULL, 0, '2020-08-30 17:00:00');
INSERT INTO `schedule_job_log` VALUES (380, 1, 'testTask', 'renren', 0, NULL, 0, '2020-08-30 17:30:00');
INSERT INTO `schedule_job_log` VALUES (381, 1, 'testTask', 'renren', 0, NULL, 0, '2020-08-30 18:00:00');
INSERT INTO `schedule_job_log` VALUES (382, 1, 'testTask', 'renren', 0, NULL, 1, '2020-08-30 18:30:00');
INSERT INTO `schedule_job_log` VALUES (383, 1, 'testTask', 'renren', 0, NULL, 1, '2020-08-30 19:00:00');
INSERT INTO `schedule_job_log` VALUES (384, 1, 'testTask', 'renren', 0, NULL, 0, '2020-08-30 19:30:00');
INSERT INTO `schedule_job_log` VALUES (385, 1, 'testTask', 'renren', 0, NULL, 0, '2020-08-30 20:00:00');
INSERT INTO `schedule_job_log` VALUES (386, 1, 'testTask', 'renren', 0, NULL, 0, '2020-08-30 20:30:00');
INSERT INTO `schedule_job_log` VALUES (387, 1, 'testTask', 'renren', 0, NULL, 0, '2020-08-30 21:00:00');
INSERT INTO `schedule_job_log` VALUES (388, 1, 'testTask', 'renren', 0, NULL, 0, '2020-08-30 21:30:00');
INSERT INTO `schedule_job_log` VALUES (389, 1, 'testTask', 'renren', 0, NULL, 0, '2020-08-30 22:00:00');
INSERT INTO `schedule_job_log` VALUES (390, 1, 'testTask', 'renren', 0, NULL, 0, '2020-08-30 22:30:00');
INSERT INTO `schedule_job_log` VALUES (391, 1, 'testTask', 'renren', 0, NULL, 0, '2020-08-30 23:00:00');
INSERT INTO `schedule_job_log` VALUES (392, 1, 'testTask', 'renren', 0, NULL, 0, '2020-08-30 23:30:00');
INSERT INTO `schedule_job_log` VALUES (393, 1, 'testTask', 'renren', 0, NULL, 2, '2020-08-31 00:00:00');
INSERT INTO `schedule_job_log` VALUES (394, 1, 'testTask', 'renren', 0, NULL, 1, '2020-08-31 00:30:00');
INSERT INTO `schedule_job_log` VALUES (395, 1, 'testTask', 'renren', 0, NULL, 0, '2020-08-31 01:00:00');
INSERT INTO `schedule_job_log` VALUES (396, 1, 'testTask', 'renren', 0, NULL, 0, '2020-08-31 01:30:00');
INSERT INTO `schedule_job_log` VALUES (397, 1, 'testTask', 'renren', 0, NULL, 0, '2020-08-31 02:00:00');
INSERT INTO `schedule_job_log` VALUES (398, 1, 'testTask', 'renren', 0, NULL, 0, '2020-08-31 02:30:00');
INSERT INTO `schedule_job_log` VALUES (399, 1, 'testTask', 'renren', 0, NULL, 0, '2020-08-31 03:00:00');
INSERT INTO `schedule_job_log` VALUES (400, 1, 'testTask', 'renren', 0, NULL, 0, '2020-08-31 03:30:00');
INSERT INTO `schedule_job_log` VALUES (401, 1, 'testTask', 'renren', 0, NULL, 0, '2020-08-31 04:00:00');
INSERT INTO `schedule_job_log` VALUES (402, 1, 'testTask', 'renren', 0, NULL, 0, '2020-08-31 04:30:00');
INSERT INTO `schedule_job_log` VALUES (403, 1, 'testTask', 'renren', 0, NULL, 0, '2020-08-31 05:00:00');
INSERT INTO `schedule_job_log` VALUES (404, 1, 'testTask', 'renren', 0, NULL, 0, '2020-08-31 05:30:00');
INSERT INTO `schedule_job_log` VALUES (405, 1, 'testTask', 'renren', 0, NULL, 0, '2020-08-31 06:00:00');
INSERT INTO `schedule_job_log` VALUES (406, 1, 'testTask', 'renren', 0, NULL, 0, '2020-08-31 06:30:00');
INSERT INTO `schedule_job_log` VALUES (407, 1, 'testTask', 'renren', 0, NULL, 0, '2020-08-31 07:00:00');
INSERT INTO `schedule_job_log` VALUES (408, 1, 'testTask', 'renren', 0, NULL, 1, '2020-08-31 07:30:00');
INSERT INTO `schedule_job_log` VALUES (409, 1, 'testTask', 'renren', 0, NULL, 0, '2020-08-31 08:00:00');
INSERT INTO `schedule_job_log` VALUES (410, 1, 'testTask', 'renren', 0, NULL, 0, '2020-08-31 08:30:00');
INSERT INTO `schedule_job_log` VALUES (411, 1, 'testTask', 'renren', 0, NULL, 0, '2020-08-31 09:00:00');
INSERT INTO `schedule_job_log` VALUES (412, 1, 'testTask', 'renren', 0, NULL, 0, '2020-08-31 09:30:00');
INSERT INTO `schedule_job_log` VALUES (413, 1, 'testTask', 'renren', 0, NULL, 1, '2020-08-31 10:00:00');
INSERT INTO `schedule_job_log` VALUES (414, 1, 'testTask', 'renren', 0, NULL, 0, '2020-08-31 10:30:00');
INSERT INTO `schedule_job_log` VALUES (415, 1, 'testTask', 'renren', 0, NULL, 0, '2020-08-31 11:00:00');
INSERT INTO `schedule_job_log` VALUES (416, 1, 'testTask', 'renren', 0, NULL, 0, '2020-08-31 11:30:00');
INSERT INTO `schedule_job_log` VALUES (417, 1, 'testTask', 'renren', 0, NULL, 1, '2020-08-31 12:00:00');
INSERT INTO `schedule_job_log` VALUES (418, 1, 'testTask', 'renren', 0, NULL, 0, '2020-08-31 12:30:00');
INSERT INTO `schedule_job_log` VALUES (419, 1, 'testTask', 'renren', 0, NULL, 0, '2020-08-31 13:00:00');
INSERT INTO `schedule_job_log` VALUES (420, 1, 'testTask', 'renren', 0, NULL, 0, '2020-08-31 13:30:00');
INSERT INTO `schedule_job_log` VALUES (421, 1, 'testTask', 'renren', 0, NULL, 0, '2020-08-31 14:00:00');
INSERT INTO `schedule_job_log` VALUES (422, 1, 'testTask', 'renren', 0, NULL, 0, '2020-08-31 14:30:00');
INSERT INTO `schedule_job_log` VALUES (423, 1, 'testTask', 'renren', 0, NULL, 1, '2020-08-31 15:00:00');
INSERT INTO `schedule_job_log` VALUES (424, 1, 'testTask', 'renren', 0, NULL, 0, '2020-08-31 15:30:00');
INSERT INTO `schedule_job_log` VALUES (425, 1, 'testTask', 'renren', 0, NULL, 0, '2020-08-31 16:00:00');
INSERT INTO `schedule_job_log` VALUES (426, 1, 'testTask', 'renren', 0, NULL, 1, '2020-08-31 16:30:00');
INSERT INTO `schedule_job_log` VALUES (427, 1, 'testTask', 'renren', 0, NULL, 0, '2020-08-31 17:00:00');
INSERT INTO `schedule_job_log` VALUES (428, 1, 'testTask', 'renren', 0, NULL, 0, '2020-08-31 17:30:00');
INSERT INTO `schedule_job_log` VALUES (429, 1, 'testTask', 'renren', 0, NULL, 0, '2020-08-31 18:00:00');
INSERT INTO `schedule_job_log` VALUES (430, 1, 'testTask', 'renren', 0, NULL, 0, '2020-08-31 18:30:00');
INSERT INTO `schedule_job_log` VALUES (431, 1, 'testTask', 'renren', 0, NULL, 0, '2020-08-31 19:00:00');
INSERT INTO `schedule_job_log` VALUES (432, 1, 'testTask', 'renren', 0, NULL, 1, '2020-08-31 19:30:00');
INSERT INTO `schedule_job_log` VALUES (433, 1, 'testTask', 'renren', 0, NULL, 0, '2020-08-31 20:00:00');
INSERT INTO `schedule_job_log` VALUES (434, 1, 'testTask', 'renren', 0, NULL, 0, '2020-08-31 20:30:00');
INSERT INTO `schedule_job_log` VALUES (435, 1, 'testTask', 'renren', 0, NULL, 0, '2020-08-31 21:00:00');
INSERT INTO `schedule_job_log` VALUES (436, 1, 'testTask', 'renren', 0, NULL, 1, '2020-08-31 21:30:00');
INSERT INTO `schedule_job_log` VALUES (437, 1, 'testTask', 'renren', 0, NULL, 1, '2020-08-31 22:00:00');
INSERT INTO `schedule_job_log` VALUES (438, 1, 'testTask', 'renren', 0, NULL, 0, '2020-08-31 22:30:00');
INSERT INTO `schedule_job_log` VALUES (439, 1, 'testTask', 'renren', 0, NULL, 1, '2020-08-31 23:00:00');
INSERT INTO `schedule_job_log` VALUES (440, 1, 'testTask', 'renren', 0, NULL, 0, '2020-08-31 23:30:00');
INSERT INTO `schedule_job_log` VALUES (441, 1, 'testTask', 'renren', 0, NULL, 1, '2020-09-01 00:00:00');
INSERT INTO `schedule_job_log` VALUES (442, 1, 'testTask', 'renren', 0, NULL, 1, '2020-09-01 00:30:00');
INSERT INTO `schedule_job_log` VALUES (443, 1, 'testTask', 'renren', 0, NULL, 0, '2020-09-01 01:00:00');
INSERT INTO `schedule_job_log` VALUES (444, 1, 'testTask', 'renren', 0, NULL, 0, '2020-09-01 01:30:00');
INSERT INTO `schedule_job_log` VALUES (445, 1, 'testTask', 'renren', 0, NULL, 0, '2020-09-01 02:00:00');
INSERT INTO `schedule_job_log` VALUES (446, 1, 'testTask', 'renren', 0, NULL, 0, '2020-09-01 02:30:00');
INSERT INTO `schedule_job_log` VALUES (447, 1, 'testTask', 'renren', 0, NULL, 0, '2020-09-01 03:00:00');
INSERT INTO `schedule_job_log` VALUES (448, 1, 'testTask', 'renren', 0, NULL, 0, '2020-09-01 03:30:00');
INSERT INTO `schedule_job_log` VALUES (449, 1, 'testTask', 'renren', 0, NULL, 0, '2020-09-01 04:00:00');
INSERT INTO `schedule_job_log` VALUES (450, 1, 'testTask', 'renren', 0, NULL, 1, '2020-09-01 04:30:00');
INSERT INTO `schedule_job_log` VALUES (451, 1, 'testTask', 'renren', 0, NULL, 0, '2020-09-01 05:00:00');
INSERT INTO `schedule_job_log` VALUES (452, 1, 'testTask', 'renren', 0, NULL, 0, '2020-09-01 05:30:00');
INSERT INTO `schedule_job_log` VALUES (453, 1, 'testTask', 'renren', 0, NULL, 0, '2020-09-01 06:00:00');
INSERT INTO `schedule_job_log` VALUES (454, 1, 'testTask', 'renren', 0, NULL, 0, '2020-09-01 06:30:00');
INSERT INTO `schedule_job_log` VALUES (455, 1, 'testTask', 'renren', 0, NULL, 0, '2020-09-01 07:00:00');
INSERT INTO `schedule_job_log` VALUES (456, 1, 'testTask', 'renren', 0, NULL, 1, '2020-09-01 07:30:00');
INSERT INTO `schedule_job_log` VALUES (457, 1, 'testTask', 'renren', 0, NULL, 0, '2020-09-01 08:00:00');
INSERT INTO `schedule_job_log` VALUES (458, 1, 'testTask', 'renren', 0, NULL, 0, '2020-09-01 08:30:00');
INSERT INTO `schedule_job_log` VALUES (459, 1, 'testTask', 'renren', 0, NULL, 0, '2020-09-01 09:00:00');
INSERT INTO `schedule_job_log` VALUES (460, 1, 'testTask', 'renren', 0, NULL, 0, '2020-09-01 09:30:00');
INSERT INTO `schedule_job_log` VALUES (461, 1, 'testTask', 'renren', 0, NULL, 0, '2020-09-01 10:00:00');
INSERT INTO `schedule_job_log` VALUES (462, 1, 'testTask', 'renren', 0, NULL, 0, '2020-09-01 10:30:00');
INSERT INTO `schedule_job_log` VALUES (463, 1, 'testTask', 'renren', 0, NULL, 1, '2020-09-01 11:00:00');
INSERT INTO `schedule_job_log` VALUES (464, 1, 'testTask', 'renren', 0, NULL, 1, '2020-09-01 11:30:00');
INSERT INTO `schedule_job_log` VALUES (465, 1, 'testTask', 'renren', 0, NULL, 0, '2020-09-01 12:00:00');
INSERT INTO `schedule_job_log` VALUES (466, 1, 'testTask', 'renren', 0, NULL, 0, '2020-09-01 12:30:00');
INSERT INTO `schedule_job_log` VALUES (467, 1, 'testTask', 'renren', 0, NULL, 0, '2020-09-01 13:00:00');
INSERT INTO `schedule_job_log` VALUES (468, 1, 'testTask', 'renren', 0, NULL, 0, '2020-09-01 13:30:00');
INSERT INTO `schedule_job_log` VALUES (469, 1, 'testTask', 'renren', 0, NULL, 0, '2020-09-01 14:00:00');
INSERT INTO `schedule_job_log` VALUES (470, 1, 'testTask', 'renren', 0, NULL, 0, '2020-09-01 14:30:00');
INSERT INTO `schedule_job_log` VALUES (471, 1, 'testTask', 'renren', 0, NULL, 0, '2020-09-01 15:00:00');
INSERT INTO `schedule_job_log` VALUES (472, 1, 'testTask', 'renren', 0, NULL, 0, '2020-09-01 15:30:00');
INSERT INTO `schedule_job_log` VALUES (473, 1, 'testTask', 'renren', 0, NULL, 0, '2020-09-01 16:00:00');
INSERT INTO `schedule_job_log` VALUES (474, 1, 'testTask', 'renren', 0, NULL, 0, '2020-09-01 16:30:00');
INSERT INTO `schedule_job_log` VALUES (475, 1, 'testTask', 'renren', 0, NULL, 0, '2020-09-01 17:00:00');
INSERT INTO `schedule_job_log` VALUES (476, 1, 'testTask', 'renren', 0, NULL, 1, '2020-09-01 17:30:00');
INSERT INTO `schedule_job_log` VALUES (477, 1, 'testTask', 'renren', 0, NULL, 1, '2020-09-01 18:00:00');
INSERT INTO `schedule_job_log` VALUES (478, 1, 'testTask', 'renren', 0, NULL, 0, '2020-09-01 18:30:00');
INSERT INTO `schedule_job_log` VALUES (479, 1, 'testTask', 'renren', 0, NULL, 0, '2020-09-01 19:00:00');
INSERT INTO `schedule_job_log` VALUES (480, 1, 'testTask', 'renren', 0, NULL, 0, '2020-09-01 19:30:00');
INSERT INTO `schedule_job_log` VALUES (481, 1, 'testTask', 'renren', 0, NULL, 0, '2020-09-01 20:00:00');
INSERT INTO `schedule_job_log` VALUES (482, 1, 'testTask', 'renren', 0, NULL, 0, '2020-09-01 20:30:00');
INSERT INTO `schedule_job_log` VALUES (483, 1, 'testTask', 'renren', 0, NULL, 0, '2020-09-01 21:00:00');
INSERT INTO `schedule_job_log` VALUES (484, 1, 'testTask', 'renren', 0, NULL, 0, '2020-09-01 21:30:00');
INSERT INTO `schedule_job_log` VALUES (485, 1, 'testTask', 'renren', 0, NULL, 0, '2020-09-01 22:00:00');
INSERT INTO `schedule_job_log` VALUES (486, 1, 'testTask', 'renren', 0, NULL, 1, '2020-09-01 22:30:00');
INSERT INTO `schedule_job_log` VALUES (487, 1, 'testTask', 'renren', 0, NULL, 1, '2020-09-01 23:00:00');
INSERT INTO `schedule_job_log` VALUES (488, 1, 'testTask', 'renren', 0, NULL, 0, '2020-09-01 23:30:00');
INSERT INTO `schedule_job_log` VALUES (489, 1, 'testTask', 'renren', 0, NULL, 1, '2020-09-02 00:00:00');
INSERT INTO `schedule_job_log` VALUES (490, 1, 'testTask', 'renren', 0, NULL, 0, '2020-09-02 00:30:00');
INSERT INTO `schedule_job_log` VALUES (491, 1, 'testTask', 'renren', 0, NULL, 0, '2020-09-02 01:00:00');
INSERT INTO `schedule_job_log` VALUES (492, 1, 'testTask', 'renren', 0, NULL, 0, '2020-09-02 01:30:00');
INSERT INTO `schedule_job_log` VALUES (493, 1, 'testTask', 'renren', 0, NULL, 0, '2020-09-02 02:00:00');
INSERT INTO `schedule_job_log` VALUES (494, 1, 'testTask', 'renren', 0, NULL, 0, '2020-09-02 02:30:00');
INSERT INTO `schedule_job_log` VALUES (495, 1, 'testTask', 'renren', 0, NULL, 1, '2020-09-02 03:00:00');
INSERT INTO `schedule_job_log` VALUES (496, 1, 'testTask', 'renren', 0, NULL, 0, '2020-09-02 03:30:00');
INSERT INTO `schedule_job_log` VALUES (497, 1, 'testTask', 'renren', 0, NULL, 0, '2020-09-02 04:00:00');
INSERT INTO `schedule_job_log` VALUES (498, 1, 'testTask', 'renren', 0, NULL, 0, '2020-09-02 04:30:00');
INSERT INTO `schedule_job_log` VALUES (499, 1, 'testTask', 'renren', 0, NULL, 0, '2020-09-02 05:00:00');
INSERT INTO `schedule_job_log` VALUES (500, 1, 'testTask', 'renren', 0, NULL, 0, '2020-09-02 05:30:00');
INSERT INTO `schedule_job_log` VALUES (501, 1, 'testTask', 'renren', 0, NULL, 1, '2020-09-02 06:00:00');
INSERT INTO `schedule_job_log` VALUES (502, 1, 'testTask', 'renren', 0, NULL, 0, '2020-09-02 06:30:00');
INSERT INTO `schedule_job_log` VALUES (503, 1, 'testTask', 'renren', 0, NULL, 1, '2020-09-02 07:00:00');
INSERT INTO `schedule_job_log` VALUES (504, 1, 'testTask', 'renren', 0, NULL, 0, '2020-09-02 07:30:00');
INSERT INTO `schedule_job_log` VALUES (505, 1, 'testTask', 'renren', 0, NULL, 0, '2020-09-02 08:00:00');
INSERT INTO `schedule_job_log` VALUES (506, 1, 'testTask', 'renren', 0, NULL, 0, '2020-09-02 08:30:00');
INSERT INTO `schedule_job_log` VALUES (507, 1, 'testTask', 'renren', 0, NULL, 1, '2020-09-02 09:00:00');
INSERT INTO `schedule_job_log` VALUES (508, 1, 'testTask', 'renren', 0, NULL, 0, '2020-09-02 09:30:00');
INSERT INTO `schedule_job_log` VALUES (509, 1, 'testTask', 'renren', 0, NULL, 1, '2020-09-02 10:00:00');
INSERT INTO `schedule_job_log` VALUES (510, 1, 'testTask', 'renren', 0, NULL, 0, '2020-09-02 10:30:00');
INSERT INTO `schedule_job_log` VALUES (511, 1, 'testTask', 'renren', 0, NULL, 0, '2020-09-02 11:00:00');
INSERT INTO `schedule_job_log` VALUES (512, 1, 'testTask', 'renren', 0, NULL, 1, '2020-09-02 11:30:00');
INSERT INTO `schedule_job_log` VALUES (513, 1, 'testTask', 'renren', 0, NULL, 0, '2020-09-02 12:00:00');
INSERT INTO `schedule_job_log` VALUES (514, 1, 'testTask', 'renren', 0, NULL, 0, '2020-09-02 12:30:00');
INSERT INTO `schedule_job_log` VALUES (515, 1, 'testTask', 'renren', 0, NULL, 0, '2020-09-02 13:00:00');
INSERT INTO `schedule_job_log` VALUES (516, 1, 'testTask', 'renren', 0, NULL, 0, '2020-09-02 13:30:00');
INSERT INTO `schedule_job_log` VALUES (517, 1, 'testTask', 'renren', 0, NULL, 1, '2020-09-02 14:00:00');
INSERT INTO `schedule_job_log` VALUES (518, 1, 'testTask', 'renren', 0, NULL, 0, '2020-09-02 14:30:00');
INSERT INTO `schedule_job_log` VALUES (519, 1, 'testTask', 'renren', 0, NULL, 0, '2020-09-02 15:00:00');
INSERT INTO `schedule_job_log` VALUES (520, 1, 'testTask', 'renren', 0, NULL, 0, '2020-09-02 15:30:00');
INSERT INTO `schedule_job_log` VALUES (521, 1, 'testTask', 'renren', 0, NULL, 0, '2020-09-02 16:00:00');
INSERT INTO `schedule_job_log` VALUES (522, 1, 'testTask', 'renren', 0, NULL, 0, '2020-09-02 16:30:00');
INSERT INTO `schedule_job_log` VALUES (523, 1, 'testTask', 'renren', 0, NULL, 0, '2020-09-02 17:00:00');
INSERT INTO `schedule_job_log` VALUES (524, 1, 'testTask', 'renren', 0, NULL, 0, '2020-09-02 17:30:00');
INSERT INTO `schedule_job_log` VALUES (525, 1, 'testTask', 'renren', 0, NULL, 0, '2020-09-02 18:00:00');
INSERT INTO `schedule_job_log` VALUES (526, 1, 'testTask', 'renren', 0, NULL, 0, '2020-09-02 18:30:00');
INSERT INTO `schedule_job_log` VALUES (527, 1, 'testTask', 'renren', 0, NULL, 1, '2020-09-02 19:00:00');
INSERT INTO `schedule_job_log` VALUES (528, 1, 'testTask', 'renren', 0, NULL, 0, '2020-09-02 19:30:00');
INSERT INTO `schedule_job_log` VALUES (529, 1, 'testTask', 'renren', 0, NULL, 0, '2020-09-02 20:00:00');
INSERT INTO `schedule_job_log` VALUES (530, 1, 'testTask', 'renren', 0, NULL, 0, '2020-09-02 20:30:00');
INSERT INTO `schedule_job_log` VALUES (531, 1, 'testTask', 'renren', 0, NULL, 0, '2020-09-02 21:00:00');
INSERT INTO `schedule_job_log` VALUES (532, 1, 'testTask', 'renren', 0, NULL, 0, '2020-09-02 21:30:00');
INSERT INTO `schedule_job_log` VALUES (533, 1, 'testTask', 'renren', 0, NULL, 1, '2020-09-02 22:00:00');
INSERT INTO `schedule_job_log` VALUES (534, 1, 'testTask', 'renren', 0, NULL, 0, '2020-09-02 22:30:00');
INSERT INTO `schedule_job_log` VALUES (535, 1, 'testTask', 'renren', 0, NULL, 0, '2020-09-02 23:00:00');
INSERT INTO `schedule_job_log` VALUES (536, 1, 'testTask', 'renren', 0, NULL, 1, '2020-09-02 23:30:00');
INSERT INTO `schedule_job_log` VALUES (537, 1, 'testTask', 'renren', 0, NULL, 1, '2020-09-03 00:00:00');
INSERT INTO `schedule_job_log` VALUES (538, 1, 'testTask', 'renren', 0, NULL, 0, '2020-09-03 00:30:00');
INSERT INTO `schedule_job_log` VALUES (539, 1, 'testTask', 'renren', 0, NULL, 0, '2020-09-03 01:00:00');
INSERT INTO `schedule_job_log` VALUES (540, 1, 'testTask', 'renren', 0, NULL, 0, '2020-09-03 01:30:00');
INSERT INTO `schedule_job_log` VALUES (541, 1, 'testTask', 'renren', 0, NULL, 1, '2020-09-03 02:00:00');
INSERT INTO `schedule_job_log` VALUES (542, 1, 'testTask', 'renren', 0, NULL, 1, '2020-09-03 02:30:00');
INSERT INTO `schedule_job_log` VALUES (543, 1, 'testTask', 'renren', 0, NULL, 1, '2020-09-03 03:00:00');
INSERT INTO `schedule_job_log` VALUES (544, 1, 'testTask', 'renren', 0, NULL, 0, '2020-09-03 03:30:00');
INSERT INTO `schedule_job_log` VALUES (545, 1, 'testTask', 'renren', 0, NULL, 0, '2020-09-03 04:00:00');
INSERT INTO `schedule_job_log` VALUES (546, 1, 'testTask', 'renren', 0, NULL, 0, '2020-09-03 04:30:00');
INSERT INTO `schedule_job_log` VALUES (547, 1, 'testTask', 'renren', 0, NULL, 0, '2020-09-03 05:00:00');
INSERT INTO `schedule_job_log` VALUES (548, 1, 'testTask', 'renren', 0, NULL, 1, '2020-09-03 05:30:00');
INSERT INTO `schedule_job_log` VALUES (549, 1, 'testTask', 'renren', 0, NULL, 1, '2020-09-03 06:00:00');
INSERT INTO `schedule_job_log` VALUES (550, 1, 'testTask', 'renren', 0, NULL, 1, '2020-09-03 06:30:00');
INSERT INTO `schedule_job_log` VALUES (551, 1, 'testTask', 'renren', 0, NULL, 0, '2020-09-03 07:00:00');
INSERT INTO `schedule_job_log` VALUES (552, 1, 'testTask', 'renren', 0, NULL, 0, '2020-09-03 07:30:00');
INSERT INTO `schedule_job_log` VALUES (553, 1, 'testTask', 'renren', 0, NULL, 0, '2020-09-03 08:00:00');
INSERT INTO `schedule_job_log` VALUES (554, 1, 'testTask', 'renren', 0, NULL, 0, '2020-09-03 08:30:00');
INSERT INTO `schedule_job_log` VALUES (555, 1, 'testTask', 'renren', 0, NULL, 1, '2020-09-03 09:00:00');
INSERT INTO `schedule_job_log` VALUES (556, 1, 'testTask', 'renren', 0, NULL, 0, '2020-09-03 09:30:00');
INSERT INTO `schedule_job_log` VALUES (557, 1, 'testTask', 'renren', 0, NULL, 1, '2020-09-03 10:00:00');
INSERT INTO `schedule_job_log` VALUES (558, 1, 'testTask', 'renren', 0, NULL, 0, '2020-09-03 10:30:00');
INSERT INTO `schedule_job_log` VALUES (559, 1, 'testTask', 'renren', 0, NULL, 0, '2020-09-03 11:00:00');
INSERT INTO `schedule_job_log` VALUES (560, 1, 'testTask', 'renren', 0, NULL, 0, '2020-09-03 11:30:00');
INSERT INTO `schedule_job_log` VALUES (561, 1, 'testTask', 'renren', 0, NULL, 1, '2020-09-03 12:00:00');
INSERT INTO `schedule_job_log` VALUES (562, 1, 'testTask', 'renren', 0, NULL, 0, '2020-09-03 12:30:00');
INSERT INTO `schedule_job_log` VALUES (563, 1, 'testTask', 'renren', 0, NULL, 0, '2020-09-03 13:00:00');
INSERT INTO `schedule_job_log` VALUES (564, 1, 'testTask', 'renren', 0, NULL, 0, '2020-09-03 13:30:00');
INSERT INTO `schedule_job_log` VALUES (565, 1, 'testTask', 'renren', 0, NULL, 0, '2020-09-03 14:00:00');
INSERT INTO `schedule_job_log` VALUES (566, 1, 'testTask', 'renren', 0, NULL, 1, '2020-09-03 14:30:00');
INSERT INTO `schedule_job_log` VALUES (567, 1, 'testTask', 'renren', 0, NULL, 0, '2020-09-03 15:00:00');
INSERT INTO `schedule_job_log` VALUES (568, 1, 'testTask', 'renren', 0, NULL, 1, '2020-09-03 15:30:00');
INSERT INTO `schedule_job_log` VALUES (569, 1, 'testTask', 'renren', 0, NULL, 0, '2020-09-03 16:00:00');
INSERT INTO `schedule_job_log` VALUES (570, 1, 'testTask', 'renren', 0, NULL, 0, '2020-09-03 16:30:00');
INSERT INTO `schedule_job_log` VALUES (571, 1, 'testTask', 'renren', 0, NULL, 0, '2020-09-03 17:00:00');
INSERT INTO `schedule_job_log` VALUES (572, 1, 'testTask', 'renren', 0, NULL, 0, '2020-09-03 17:30:00');
INSERT INTO `schedule_job_log` VALUES (573, 1, 'testTask', 'renren', 0, NULL, 0, '2020-09-03 18:00:00');
INSERT INTO `schedule_job_log` VALUES (574, 1, 'testTask', 'renren', 0, NULL, 1, '2020-09-03 18:30:00');
INSERT INTO `schedule_job_log` VALUES (575, 1, 'testTask', 'renren', 0, NULL, 1, '2020-09-03 19:00:00');
INSERT INTO `schedule_job_log` VALUES (576, 1, 'testTask', 'renren', 0, NULL, 0, '2020-09-03 19:30:00');
INSERT INTO `schedule_job_log` VALUES (577, 1, 'testTask', 'renren', 0, NULL, 0, '2020-09-03 20:00:00');
INSERT INTO `schedule_job_log` VALUES (578, 1, 'testTask', 'renren', 0, NULL, 0, '2020-09-03 20:30:00');
INSERT INTO `schedule_job_log` VALUES (579, 1, 'testTask', 'renren', 0, NULL, 0, '2020-09-03 21:00:00');
INSERT INTO `schedule_job_log` VALUES (580, 1, 'testTask', 'renren', 0, NULL, 0, '2020-09-03 21:30:00');
INSERT INTO `schedule_job_log` VALUES (581, 1, 'testTask', 'renren', 0, NULL, 0, '2020-09-03 22:00:00');
INSERT INTO `schedule_job_log` VALUES (582, 1, 'testTask', 'renren', 0, NULL, 0, '2020-09-03 22:30:00');
INSERT INTO `schedule_job_log` VALUES (583, 1, 'testTask', 'renren', 0, NULL, 0, '2020-09-03 23:00:00');
INSERT INTO `schedule_job_log` VALUES (584, 1, 'testTask', 'renren', 0, NULL, 0, '2020-09-03 23:30:00');
INSERT INTO `schedule_job_log` VALUES (585, 1, 'testTask', 'renren', 0, NULL, 1, '2020-09-04 00:00:00');
INSERT INTO `schedule_job_log` VALUES (586, 1, 'testTask', 'renren', 0, NULL, 2, '2020-09-04 00:30:00');
INSERT INTO `schedule_job_log` VALUES (587, 1, 'testTask', 'renren', 0, NULL, 1, '2020-09-04 01:00:00');
INSERT INTO `schedule_job_log` VALUES (588, 1, 'testTask', 'renren', 0, NULL, 0, '2020-09-04 01:30:00');
INSERT INTO `schedule_job_log` VALUES (589, 1, 'testTask', 'renren', 0, NULL, 1, '2020-09-04 02:00:00');
INSERT INTO `schedule_job_log` VALUES (590, 1, 'testTask', 'renren', 0, NULL, 0, '2020-09-04 02:30:00');
INSERT INTO `schedule_job_log` VALUES (591, 1, 'testTask', 'renren', 0, NULL, 0, '2020-09-04 03:00:00');
INSERT INTO `schedule_job_log` VALUES (592, 1, 'testTask', 'renren', 0, NULL, 0, '2020-09-04 03:30:00');
INSERT INTO `schedule_job_log` VALUES (593, 1, 'testTask', 'renren', 0, NULL, 0, '2020-09-04 04:00:00');
INSERT INTO `schedule_job_log` VALUES (594, 1, 'testTask', 'renren', 0, NULL, 0, '2020-09-04 04:30:00');
INSERT INTO `schedule_job_log` VALUES (595, 1, 'testTask', 'renren', 0, NULL, 0, '2020-09-04 05:00:00');
INSERT INTO `schedule_job_log` VALUES (596, 1, 'testTask', 'renren', 0, NULL, 0, '2020-09-04 05:30:00');
INSERT INTO `schedule_job_log` VALUES (597, 1, 'testTask', 'renren', 0, NULL, 0, '2020-09-04 06:00:00');
INSERT INTO `schedule_job_log` VALUES (598, 1, 'testTask', 'renren', 0, NULL, 0, '2020-09-04 06:30:00');
INSERT INTO `schedule_job_log` VALUES (599, 1, 'testTask', 'renren', 0, NULL, 1, '2020-09-04 07:00:00');
INSERT INTO `schedule_job_log` VALUES (600, 1, 'testTask', 'renren', 0, NULL, 1, '2020-09-04 07:30:00');
INSERT INTO `schedule_job_log` VALUES (601, 1, 'testTask', 'renren', 0, NULL, 0, '2020-09-04 08:00:00');
INSERT INTO `schedule_job_log` VALUES (602, 1, 'testTask', 'renren', 0, NULL, 1, '2020-09-04 08:30:00');
INSERT INTO `schedule_job_log` VALUES (603, 1, 'testTask', 'renren', 0, NULL, 1, '2020-09-04 09:00:00');
INSERT INTO `schedule_job_log` VALUES (604, 1, 'testTask', 'renren', 0, NULL, 1, '2020-09-04 09:30:00');
INSERT INTO `schedule_job_log` VALUES (605, 1, 'testTask', 'renren', 0, NULL, 0, '2020-09-04 10:00:00');
INSERT INTO `schedule_job_log` VALUES (606, 1, 'testTask', 'renren', 0, NULL, 0, '2020-09-04 10:30:00');
INSERT INTO `schedule_job_log` VALUES (607, 1, 'testTask', 'renren', 0, NULL, 1, '2020-09-04 11:00:00');
INSERT INTO `schedule_job_log` VALUES (608, 1, 'testTask', 'renren', 0, NULL, 0, '2020-09-04 11:30:00');
INSERT INTO `schedule_job_log` VALUES (609, 1, 'testTask', 'renren', 0, NULL, 0, '2020-09-04 12:00:00');
INSERT INTO `schedule_job_log` VALUES (610, 1, 'testTask', 'renren', 0, NULL, 1, '2020-09-04 12:30:00');
INSERT INTO `schedule_job_log` VALUES (611, 1, 'testTask', 'renren', 0, NULL, 0, '2020-09-04 13:00:00');
INSERT INTO `schedule_job_log` VALUES (612, 1, 'testTask', 'renren', 0, NULL, 0, '2020-09-04 13:30:00');
INSERT INTO `schedule_job_log` VALUES (613, 1, 'testTask', 'renren', 0, NULL, 0, '2020-09-04 14:00:00');
INSERT INTO `schedule_job_log` VALUES (614, 1, 'testTask', 'renren', 0, NULL, 0, '2020-09-04 14:30:00');
INSERT INTO `schedule_job_log` VALUES (615, 1, 'testTask', 'renren', 0, NULL, 0, '2020-09-04 15:00:00');
INSERT INTO `schedule_job_log` VALUES (616, 1, 'testTask', 'renren', 0, NULL, 0, '2020-09-04 15:30:00');
INSERT INTO `schedule_job_log` VALUES (617, 1, 'testTask', 'renren', 0, NULL, 0, '2020-09-04 16:00:00');
INSERT INTO `schedule_job_log` VALUES (618, 1, 'testTask', 'renren', 0, NULL, 0, '2020-09-04 16:30:00');
INSERT INTO `schedule_job_log` VALUES (619, 1, 'testTask', 'renren', 0, NULL, 0, '2020-09-04 17:00:00');
INSERT INTO `schedule_job_log` VALUES (620, 1, 'testTask', 'renren', 0, NULL, 0, '2020-09-04 17:30:00');
INSERT INTO `schedule_job_log` VALUES (621, 1, 'testTask', 'renren', 0, NULL, 0, '2020-09-04 18:00:00');
INSERT INTO `schedule_job_log` VALUES (622, 1, 'testTask', 'renren', 0, NULL, 1, '2020-09-04 18:30:00');
INSERT INTO `schedule_job_log` VALUES (623, 1, 'testTask', 'renren', 0, NULL, 0, '2020-09-04 19:00:00');
INSERT INTO `schedule_job_log` VALUES (624, 1, 'testTask', 'renren', 0, NULL, 0, '2020-09-04 19:30:00');
INSERT INTO `schedule_job_log` VALUES (625, 1, 'testTask', 'renren', 0, NULL, 1, '2020-09-04 20:00:00');
INSERT INTO `schedule_job_log` VALUES (626, 1, 'testTask', 'renren', 0, NULL, 0, '2020-09-04 20:30:00');
INSERT INTO `schedule_job_log` VALUES (627, 1, 'testTask', 'renren', 0, NULL, 0, '2020-09-04 21:00:00');
INSERT INTO `schedule_job_log` VALUES (628, 1, 'testTask', 'renren', 0, NULL, 0, '2020-09-04 21:30:00');
INSERT INTO `schedule_job_log` VALUES (629, 1, 'testTask', 'renren', 0, NULL, 1, '2020-09-04 22:00:00');
INSERT INTO `schedule_job_log` VALUES (630, 1, 'testTask', 'renren', 0, NULL, 1, '2020-09-04 22:30:00');
INSERT INTO `schedule_job_log` VALUES (631, 1, 'testTask', 'renren', 0, NULL, 0, '2020-09-04 23:00:00');
INSERT INTO `schedule_job_log` VALUES (632, 1, 'testTask', 'renren', 0, NULL, 0, '2020-09-04 23:30:00');
INSERT INTO `schedule_job_log` VALUES (633, 1, 'testTask', 'renren', 0, NULL, 1, '2020-09-05 00:00:00');
INSERT INTO `schedule_job_log` VALUES (634, 1, 'testTask', 'renren', 0, NULL, 3, '2020-09-05 00:30:00');
INSERT INTO `schedule_job_log` VALUES (635, 1, 'testTask', 'renren', 0, NULL, 0, '2020-09-05 01:00:00');
INSERT INTO `schedule_job_log` VALUES (636, 1, 'testTask', 'renren', 0, NULL, 0, '2020-09-05 01:30:00');
INSERT INTO `schedule_job_log` VALUES (637, 1, 'testTask', 'renren', 0, NULL, 0, '2020-09-05 02:00:00');
INSERT INTO `schedule_job_log` VALUES (638, 1, 'testTask', 'renren', 0, NULL, 0, '2020-09-05 02:30:00');
INSERT INTO `schedule_job_log` VALUES (639, 1, 'testTask', 'renren', 0, NULL, 0, '2020-09-05 03:00:00');
INSERT INTO `schedule_job_log` VALUES (640, 1, 'testTask', 'renren', 0, NULL, 1, '2020-09-05 03:30:00');
INSERT INTO `schedule_job_log` VALUES (641, 1, 'testTask', 'renren', 0, NULL, 0, '2020-09-05 04:00:00');
INSERT INTO `schedule_job_log` VALUES (642, 1, 'testTask', 'renren', 0, NULL, 0, '2020-09-05 04:30:00');
INSERT INTO `schedule_job_log` VALUES (643, 1, 'testTask', 'renren', 0, NULL, 0, '2020-09-05 05:00:00');
INSERT INTO `schedule_job_log` VALUES (644, 1, 'testTask', 'renren', 0, NULL, 0, '2020-09-05 05:30:00');
INSERT INTO `schedule_job_log` VALUES (645, 1, 'testTask', 'renren', 0, NULL, 0, '2020-09-05 06:00:00');
INSERT INTO `schedule_job_log` VALUES (646, 1, 'testTask', 'renren', 0, NULL, 0, '2020-09-05 06:30:00');
INSERT INTO `schedule_job_log` VALUES (647, 1, 'testTask', 'renren', 0, NULL, 0, '2020-09-05 07:00:00');
INSERT INTO `schedule_job_log` VALUES (648, 1, 'testTask', 'renren', 0, NULL, 0, '2020-09-05 07:30:00');
INSERT INTO `schedule_job_log` VALUES (649, 1, 'testTask', 'renren', 0, NULL, 0, '2020-09-05 08:00:00');
INSERT INTO `schedule_job_log` VALUES (650, 1, 'testTask', 'renren', 0, NULL, 0, '2020-09-05 08:30:00');
INSERT INTO `schedule_job_log` VALUES (651, 1, 'testTask', 'renren', 0, NULL, 0, '2020-09-05 09:00:00');
INSERT INTO `schedule_job_log` VALUES (652, 1, 'testTask', 'renren', 0, NULL, 0, '2020-09-05 09:30:00');
INSERT INTO `schedule_job_log` VALUES (653, 1, 'testTask', 'renren', 0, NULL, 0, '2020-09-05 10:00:00');
INSERT INTO `schedule_job_log` VALUES (654, 1, 'testTask', 'renren', 0, NULL, 0, '2020-09-05 10:30:00');
INSERT INTO `schedule_job_log` VALUES (655, 1, 'testTask', 'renren', 0, NULL, 0, '2020-09-05 11:00:00');
INSERT INTO `schedule_job_log` VALUES (656, 1, 'testTask', 'renren', 0, NULL, 1, '2020-09-05 11:30:00');
INSERT INTO `schedule_job_log` VALUES (657, 1, 'testTask', 'renren', 0, NULL, 0, '2020-09-05 12:00:00');
INSERT INTO `schedule_job_log` VALUES (658, 1, 'testTask', 'renren', 0, NULL, 0, '2020-09-05 12:30:00');
INSERT INTO `schedule_job_log` VALUES (659, 1, 'testTask', 'renren', 0, NULL, 0, '2020-09-05 13:00:00');
INSERT INTO `schedule_job_log` VALUES (660, 1, 'testTask', 'renren', 0, NULL, 0, '2020-09-05 13:30:00');
INSERT INTO `schedule_job_log` VALUES (661, 1, 'testTask', 'renren', 0, NULL, 0, '2020-09-05 14:00:00');

-- ----------------------------
-- Table structure for sys_config
-- ----------------------------
DROP TABLE IF EXISTS `sys_config`;
CREATE TABLE `sys_config`  (
  `id` bigint(20) NOT NULL AUTO_INCREMENT,
  `param_key` varchar(50) CHARACTER SET utf8mb4 COLLATE utf8mb4_general_ci NULL DEFAULT NULL COMMENT 'key',
  `param_value` varchar(2000) CHARACTER SET utf8mb4 COLLATE utf8mb4_general_ci NULL DEFAULT NULL COMMENT 'value',
  `status` tinyint(4) NULL DEFAULT 1 COMMENT '状态   0：隐藏   1：显示',
  `remark` varchar(500) CHARACTER SET utf8mb4 COLLATE utf8mb4_general_ci NULL DEFAULT NULL COMMENT '备注',
  PRIMARY KEY (`id`) USING BTREE,
  UNIQUE INDEX `param_key`(`param_key`) USING BTREE
) ENGINE = InnoDB AUTO_INCREMENT = 2 CHARACTER SET = utf8mb4 COLLATE = utf8mb4_general_ci COMMENT = '系统配置信息表' ROW_FORMAT = Dynamic;

-- ----------------------------
-- Records of sys_config
-- ----------------------------
INSERT INTO `sys_config` VALUES (1, 'CLOUD_STORAGE_CONFIG_KEY', '{\"aliyunAccessKeyId\":\"\",\"aliyunAccessKeySecret\":\"\",\"aliyunBucketName\":\"\",\"aliyunDomain\":\"\",\"aliyunEndPoint\":\"\",\"aliyunPrefix\":\"\",\"qcloudBucketName\":\"\",\"qcloudDomain\":\"\",\"qcloudPrefix\":\"\",\"qcloudSecretId\":\"\",\"qcloudSecretKey\":\"\",\"qiniuAccessKey\":\"NrgMfABZxWLo5B-YYSjoE8-AZ1EISdi1Z3ubLOeZ\",\"qiniuBucketName\":\"ios-app\",\"qiniuDomain\":\"http://7xqbwh.dl1.z0.glb.clouddn.com\",\"qiniuPrefix\":\"upload\",\"qiniuSecretKey\":\"uIwJHevMRWU0VLxFvgy0tAcOdGqasdtVlJkdy6vV\",\"type\":1}', 0, '云存储配置信息');

-- ----------------------------
-- Table structure for sys_dept
-- ----------------------------
DROP TABLE IF EXISTS `sys_dept`;
CREATE TABLE `sys_dept`  (
  `dept_id` bigint(20) NOT NULL AUTO_INCREMENT,
  `parent_id` bigint(20) NULL DEFAULT NULL COMMENT '上级部门ID，一级部门为0',
  `name` varchar(50) CHARACTER SET utf8mb4 COLLATE utf8mb4_general_ci NULL DEFAULT NULL COMMENT '部门名称',
  `order_num` int(11) NULL DEFAULT NULL COMMENT '排序',
  `del_flag` tinyint(4) NULL DEFAULT 0 COMMENT '是否删除  -1：已删除  0：正常',
  PRIMARY KEY (`dept_id`) USING BTREE
) ENGINE = InnoDB AUTO_INCREMENT = 6 CHARACTER SET = utf8mb4 COLLATE = utf8mb4_general_ci COMMENT = '部门管理' ROW_FORMAT = Dynamic;

-- ----------------------------
-- Records of sys_dept
-- ----------------------------
INSERT INTO `sys_dept` VALUES (1, 0, '人人开源集团', 0, 0);
INSERT INTO `sys_dept` VALUES (2, 1, '长沙分公司', 1, 0);
INSERT INTO `sys_dept` VALUES (3, 1, '上海分公司', 2, 0);
INSERT INTO `sys_dept` VALUES (4, 3, '技术部', 0, 0);
INSERT INTO `sys_dept` VALUES (5, 3, '销售部', 1, 0);

-- ----------------------------
-- Table structure for sys_dict
-- ----------------------------
DROP TABLE IF EXISTS `sys_dict`;
CREATE TABLE `sys_dict`  (
  `id` bigint(20) NOT NULL AUTO_INCREMENT,
  `name` varchar(100) CHARACTER SET utf8mb4 COLLATE utf8mb4_general_ci NOT NULL COMMENT '字典名称',
  `type` varchar(100) CHARACTER SET utf8mb4 COLLATE utf8mb4_general_ci NOT NULL COMMENT '字典类型',
  `code` varchar(100) CHARACTER SET utf8mb4 COLLATE utf8mb4_general_ci NOT NULL COMMENT '字典码',
  `value` varchar(1000) CHARACTER SET utf8mb4 COLLATE utf8mb4_general_ci NOT NULL COMMENT '字典值',
  `order_num` int(11) NULL DEFAULT 0 COMMENT '排序',
  `remark` varchar(255) CHARACTER SET utf8mb4 COLLATE utf8mb4_general_ci NULL DEFAULT NULL COMMENT '备注',
  `del_flag` tinyint(4) NULL DEFAULT 0 COMMENT '删除标记  -1：已删除  0：正常',
  PRIMARY KEY (`id`) USING BTREE,
  UNIQUE INDEX `type`(`type`, `code`) USING BTREE
) ENGINE = InnoDB AUTO_INCREMENT = 4 CHARACTER SET = utf8mb4 COLLATE = utf8mb4_general_ci COMMENT = '数据字典表' ROW_FORMAT = Dynamic;

-- ----------------------------
-- Records of sys_dict
-- ----------------------------
INSERT INTO `sys_dict` VALUES (1, '性别', 'sex', '0', '女', 0, NULL, 0);
INSERT INTO `sys_dict` VALUES (2, '性别', 'sex', '1', '男', 1, NULL, 0);
INSERT INTO `sys_dict` VALUES (3, '性别', 'sex', '2', '未知', 3, NULL, 0);

-- ----------------------------
-- Table structure for sys_log
-- ----------------------------
DROP TABLE IF EXISTS `sys_log`;
CREATE TABLE `sys_log`  (
  `id` bigint(20) NOT NULL AUTO_INCREMENT,
  `username` varchar(50) CHARACTER SET utf8mb4 COLLATE utf8mb4_general_ci NULL DEFAULT NULL COMMENT '用户名',
  `operation` varchar(50) CHARACTER SET utf8mb4 COLLATE utf8mb4_general_ci NULL DEFAULT NULL COMMENT '用户操作',
  `method` varchar(200) CHARACTER SET utf8mb4 COLLATE utf8mb4_general_ci NULL DEFAULT NULL COMMENT '请求方法',
  `params` varchar(5000) CHARACTER SET utf8mb4 COLLATE utf8mb4_general_ci NULL DEFAULT NULL COMMENT '请求参数',
  `time` bigint(20) NOT NULL COMMENT '执行时长(毫秒)',
  `ip` varchar(64) CHARACTER SET utf8mb4 COLLATE utf8mb4_general_ci NULL DEFAULT NULL COMMENT 'IP地址',
  `create_date` datetime(0) NULL DEFAULT NULL COMMENT '创建时间',
  PRIMARY KEY (`id`) USING BTREE
) ENGINE = InnoDB AUTO_INCREMENT = 56 CHARACTER SET = utf8mb4 COLLATE = utf8mb4_general_ci COMMENT = '系统日志' ROW_FORMAT = Dynamic;

-- ----------------------------
-- Records of sys_log
-- ----------------------------
INSERT INTO `sys_log` VALUES (1, 'admin', '保存菜单', 'io.renren.modules.sys.controller.SysMenuController.save()', '{\"menuId\":41,\"parentId\":0,\"parentName\":\"一级菜单\",\"name\":\"客服管理\",\"type\":0,\"orderNum\":0}', 7, '0:0:0:0:0:0:0:1', '2020-04-22 21:48:11');
INSERT INTO `sys_log` VALUES (2, 'admin', '保存菜单', 'io.renren.modules.sys.controller.SysMenuController.save()', '{\"menuId\":42,\"parentId\":0,\"parentName\":\"一级菜单\",\"name\":\"财务管理\",\"type\":0,\"orderNum\":1}', 5, '0:0:0:0:0:0:0:1', '2020-04-22 21:49:26');
INSERT INTO `sys_log` VALUES (3, 'admin', '保存菜单', 'io.renren.modules.sys.controller.SysMenuController.save()', '{\"menuId\":43,\"parentId\":0,\"parentName\":\"一级菜单\",\"name\":\"主管\",\"type\":0,\"orderNum\":0}', 7, '0:0:0:0:0:0:0:1', '2020-04-22 21:50:36');
INSERT INTO `sys_log` VALUES (4, 'admin', '修改菜单', 'io.renren.modules.sys.controller.SysMenuController.update()', '{\"menuId\":42,\"parentId\":0,\"parentName\":\"一级菜单\",\"name\":\"财务\",\"type\":0,\"orderNum\":1}', 9, '0:0:0:0:0:0:0:1', '2020-04-22 21:50:42');
INSERT INTO `sys_log` VALUES (5, 'admin', '修改菜单', 'io.renren.modules.sys.controller.SysMenuController.update()', '{\"menuId\":41,\"parentId\":0,\"parentName\":\"一级菜单\",\"name\":\"客服\",\"type\":0,\"orderNum\":0}', 7, '0:0:0:0:0:0:0:1', '2020-04-22 21:50:47');
INSERT INTO `sys_log` VALUES (6, 'admin', '保存菜单', 'io.renren.modules.sys.controller.SysMenuController.save()', '{\"menuId\":44,\"parentId\":41,\"parentName\":\"客服\",\"name\":\"用户管理\",\"url\":\"kefu\",\"type\":1,\"orderNum\":0}', 5, '0:0:0:0:0:0:0:1', '2020-04-22 21:51:28');
INSERT INTO `sys_log` VALUES (7, 'admin', '保存菜单', 'io.renren.modules.sys.controller.SysMenuController.save()', '{\"menuId\":45,\"parentId\":0,\"parentName\":\"一级菜单\",\"name\":\"用户管理\",\"url\":\"user\",\"type\":1,\"orderNum\":0}', 6, '0:0:0:0:0:0:0:1', '2020-04-22 21:51:53');
INSERT INTO `sys_log` VALUES (8, 'admin', '修改菜单', 'io.renren.modules.sys.controller.SysMenuController.update()', '{\"menuId\":44,\"parentId\":41,\"parentName\":\"客服\",\"name\":\"用户管理\",\"url\":\"user\",\"type\":1,\"orderNum\":0}', 15, '0:0:0:0:0:0:0:1', '2020-04-22 21:52:09');
INSERT INTO `sys_log` VALUES (9, 'admin', '删除菜单', 'io.renren.modules.sys.controller.SysMenuController.delete()', '45', 24, '0:0:0:0:0:0:0:1', '2020-04-22 21:52:16');
INSERT INTO `sys_log` VALUES (10, 'admin', '保存菜单', 'io.renren.modules.sys.controller.SysMenuController.save()', '{\"menuId\":46,\"parentId\":41,\"parentName\":\"客服\",\"name\":\"票据管理\",\"url\":\"bill\",\"type\":1,\"orderNum\":0}', 7, '0:0:0:0:0:0:0:1', '2020-04-22 21:52:36');
INSERT INTO `sys_log` VALUES (11, 'admin', '保存菜单', 'io.renren.modules.sys.controller.SysMenuController.save()', '{\"menuId\":47,\"parentId\":41,\"parentName\":\"客服\",\"name\":\"交易管理\",\"url\":\"transaction\",\"type\":1,\"orderNum\":0}', 8, '0:0:0:0:0:0:0:1', '2020-04-22 21:53:00');
INSERT INTO `sys_log` VALUES (32, 'admin', '保存菜单', 'com.platform.modules.sys.controller.SysMenuController.save()', '{\"menuId\":57,\"parentId\":56,\"parentName\":\"交易管理\",\"name\":\"查看\",\"perms\":\"transaction:order:list,transaction:order:info\",\"type\":2,\"orderNum\":0}', 25, '0:0:0:0:0:0:0:1', '2020-07-28 10:25:19');
INSERT INTO `sys_log` VALUES (33, 'admin', '保存菜单', 'com.platform.modules.sys.controller.SysMenuController.save()', '{\"menuId\":58,\"parentId\":56,\"parentName\":\"交易管理\",\"name\":\"修改\",\"perms\":\"transaction:order:update\",\"type\":2,\"orderNum\":0}', 48, '0:0:0:0:0:0:0:1', '2020-07-28 10:25:52');
INSERT INTO `sys_log` VALUES (34, 'admin', '保存菜单', 'com.platform.modules.sys.controller.SysMenuController.save()', '{\"menuId\":59,\"parentId\":0,\"parentName\":\"一级菜单\",\"name\":\"主管页面\",\"type\":0,\"orderNum\":0}', 41, '0:0:0:0:0:0:0:1', '2020-08-05 11:44:18');
INSERT INTO `sys_log` VALUES (35, 'admin', '修改菜单', 'com.platform.modules.sys.controller.SysMenuController.update()', '{\"menuId\":59,\"parentId\":0,\"parentName\":\"一级菜单\",\"name\":\"主管页面\",\"type\":0,\"icon\":\"fa fa-cog\",\"orderNum\":100}', 74, '0:0:0:0:0:0:0:1', '2020-08-05 11:44:40');
INSERT INTO `sys_log` VALUES (36, 'admin', '保存菜单', 'com.platform.modules.sys.controller.SysMenuController.save()', '{\"menuId\":60,\"parentId\":59,\"parentName\":\"主管页面\",\"name\":\"平台管理\",\"url\":\"modules/platform/platform.html\",\"type\":1,\"orderNum\":1}', 33, '0:0:0:0:0:0:0:1', '2020-08-05 11:46:03');
INSERT INTO `sys_log` VALUES (37, 'admin', '保存菜单', 'com.platform.modules.sys.controller.SysMenuController.save()', '{\"menuId\":61,\"parentId\":60,\"parentName\":\"平台管理\",\"name\":\"查看\",\"perms\":\"platform:platform:list,platform:platform:info\",\"type\":2,\"orderNum\":0}', 49, '0:0:0:0:0:0:0:1', '2020-08-06 09:28:29');
INSERT INTO `sys_log` VALUES (38, 'admin', '保存菜单', 'com.platform.modules.sys.controller.SysMenuController.save()', '{\"menuId\":62,\"parentId\":60,\"parentName\":\"平台管理\",\"name\":\"修改\",\"perms\":\"platform:platform:update\",\"type\":2,\"orderNum\":0}', 37, '0:0:0:0:0:0:0:1', '2020-08-06 09:28:53');
INSERT INTO `sys_log` VALUES (39, 'admin', '保存菜单', 'com.platform.modules.sys.controller.SysMenuController.save()', '{\"menuId\":63,\"parentId\":59,\"parentName\":\"主管页面\",\"name\":\"人员公里\",\"url\":\"modules/employee/employee1.html\",\"type\":1,\"orderNum\":100}', 40, '0:0:0:0:0:0:0:1', '2020-08-06 15:52:12');
INSERT INTO `sys_log` VALUES (40, 'admin', '保存菜单', 'com.platform.modules.sys.controller.SysMenuController.save()', '{\"menuId\":64,\"parentId\":63,\"parentName\":\"人员公里\",\"name\":\"查看\",\"perms\":\"employee:employee:list,employee:employee:info\",\"type\":2,\"orderNum\":0}', 34, '0:0:0:0:0:0:0:1', '2020-08-06 15:52:55');
INSERT INTO `sys_log` VALUES (41, 'admin', '保存菜单', 'com.platform.modules.sys.controller.SysMenuController.save()', '{\"menuId\":65,\"parentId\":63,\"parentName\":\"人员公里\",\"name\":\"新增\",\"perms\":\"employee:employee:save\",\"type\":2,\"orderNum\":0}', 49, '0:0:0:0:0:0:0:1', '2020-08-06 15:53:18');
INSERT INTO `sys_log` VALUES (42, 'admin', '保存菜单', 'com.platform.modules.sys.controller.SysMenuController.save()', '{\"menuId\":66,\"parentId\":63,\"parentName\":\"人员公里\",\"name\":\"修改\",\"perms\":\"employee:employee:update\",\"type\":2,\"orderNum\":0}', 32, '0:0:0:0:0:0:0:1', '2020-08-06 15:53:40');
INSERT INTO `sys_log` VALUES (43, 'admin', '保存菜单', 'com.platform.modules.sys.controller.SysMenuController.save()', '{\"menuId\":67,\"parentId\":63,\"parentName\":\"人员公里\",\"name\":\"删除\",\"perms\":\"employee:employee:delete\",\"type\":2,\"orderNum\":0}', 38, '0:0:0:0:0:0:0:1', '2020-08-06 15:53:59');
INSERT INTO `sys_log` VALUES (44, 'admin', '修改菜单', 'com.platform.modules.sys.controller.SysMenuController.update()', '{\"menuId\":63,\"parentId\":59,\"parentName\":\"主管页面\",\"name\":\"人员管理\",\"url\":\"modules/employee/employee1.html\",\"type\":1,\"orderNum\":100}', 29, '0:0:0:0:0:0:0:1', '2020-08-06 15:54:09');
INSERT INTO `sys_log` VALUES (45, 'admin', '保存菜单', 'com.platform.modules.sys.controller.SysMenuController.save()', '{\"menuId\":68,\"parentId\":60,\"parentName\":\"平台管理\",\"name\":\"新增\",\"perms\":\"platform:platform:save\",\"type\":2,\"orderNum\":0}', 40, '0:0:0:0:0:0:0:1', '2020-08-07 08:24:45');
INSERT INTO `sys_log` VALUES (46, 'admin', '保存菜单', 'com.platform.modules.sys.controller.SysMenuController.save()', '{\"menuId\":69,\"parentId\":60,\"parentName\":\"平台管理\",\"name\":\"删除\",\"perms\":\"platform:platform:delete\",\"type\":2,\"orderNum\":0}', 32, '0:0:0:0:0:0:0:1', '2020-08-07 08:24:57');
INSERT INTO `sys_log` VALUES (47, 'admin', '保存菜单', 'com.platform.modules.sys.controller.SysMenuController.save()', '{\"menuId\":70,\"parentId\":0,\"parentName\":\"一级菜单\",\"name\":\"财务\",\"type\":0,\"orderNum\":10}', 40, '0:0:0:0:0:0:0:1', '2020-08-07 15:06:28');
INSERT INTO `sys_log` VALUES (48, 'admin', '修改菜单', 'com.platform.modules.sys.controller.SysMenuController.update()', '{\"menuId\":70,\"parentId\":0,\"parentName\":\"一级菜单\",\"name\":\"财务\",\"type\":0,\"icon\":\"fa fa-cog\",\"orderNum\":10}', 36, '0:0:0:0:0:0:0:1', '2020-08-07 15:19:22');
INSERT INTO `sys_log` VALUES (49, 'admin', '保存菜单', 'com.platform.modules.sys.controller.SysMenuController.save()', '{\"menuId\":71,\"parentId\":70,\"parentName\":\"财务\",\"name\":\"费用统计\",\"url\":\"modules/feerecord/feerecord.html\",\"type\":1,\"orderNum\":0}', 27, '0:0:0:0:0:0:0:1', '2020-08-07 15:20:08');
INSERT INTO `sys_log` VALUES (50, 'admin', '保存菜单', 'com.platform.modules.sys.controller.SysMenuController.save()', '{\"menuId\":72,\"parentId\":71,\"parentName\":\"费用统计\",\"name\":\"查看\",\"perms\":\"feerecord:feerecord:list,feerecord:feerecord:info\",\"type\":2,\"orderNum\":0}', 35, '0:0:0:0:0:0:0:1', '2020-08-07 15:22:10');
INSERT INTO `sys_log` VALUES (51, 'admin', '保存菜单', 'com.platform.modules.sys.controller.SysMenuController.save()', '{\"menuId\":73,\"parentId\":71,\"parentName\":\"费用统计\",\"name\":\"修改\",\"perms\":\"feerecord:feerecord:update\",\"type\":2,\"orderNum\":0}', 36, '0:0:0:0:0:0:0:1', '2020-08-07 15:22:40');
INSERT INTO `sys_log` VALUES (52, 'admin', '修改菜单', 'com.platform.modules.sys.controller.SysMenuController.update()', '{\"menuId\":63,\"parentId\":59,\"parentName\":\"主管页面\",\"name\":\"人员管理\",\"url\":\"modules/employee/employee.html\",\"type\":1,\"orderNum\":100}', 10, '0:0:0:0:0:0:0:1', '2020-08-09 21:04:38');
INSERT INTO `sys_log` VALUES (53, 'admin', '保存用户', 'com.platform.modules.sys.controller.SysUserController.save()', '{\"userId\":2,\"username\":\"draftex\",\"password\":\"ba382cfa96bd2befda34b14e5f3193daae0f72271b075d7d84570809dec278b0\",\"salt\":\"04bbRq7T01QSOUIBDp9m\",\"email\":\"draftex@163.com\",\"mobile\":\"18888888888\",\"status\":1,\"roleIdList\":[1],\"createTime\":\"Aug 23, 2020 12:40:15 AM\",\"deptId\":1,\"deptName\":\"人人开源集团\"}', 190, '112.234.209.173', '2020-08-23 00:40:15');
INSERT INTO `sys_log` VALUES (54, 'admin', '保存角色', 'com.platform.modules.sys.controller.SysRoleController.save()', '{\"roleId\":2,\"roleName\":\"管理员\",\"deptId\":1,\"deptName\":\"人人开源集团\",\"menuIdList\":[1,36,37,38,39,40,46,47,48,49,50,51,52,53,54,55,56,57,58,59,60,61,62,68,69,63,64,65,66,67,70,71,72,73],\"deptIdList\":[1,2,3,4,5],\"createTime\":\"Aug 23, 2020 12:41:02 AM\"}', 129, '112.234.209.173', '2020-08-23 00:41:03');
INSERT INTO `sys_log` VALUES (55, 'admin', '修改用户', 'com.platform.modules.sys.controller.SysUserController.update()', '{\"userId\":2,\"username\":\"draftex\",\"salt\":\"04bbRq7T01QSOUIBDp9m\",\"email\":\"draftex@163.com\",\"mobile\":\"18888888888\",\"status\":1,\"roleIdList\":[2],\"createTime\":\"Aug 23, 2020 12:40:15 AM\",\"deptId\":1,\"deptName\":\"人人开源集团\"}', 26, '112.234.209.173', '2020-08-23 00:41:11');

-- ----------------------------
-- Table structure for sys_menu
-- ----------------------------
DROP TABLE IF EXISTS `sys_menu`;
CREATE TABLE `sys_menu`  (
  `menu_id` bigint(20) NOT NULL AUTO_INCREMENT,
  `parent_id` bigint(20) NULL DEFAULT NULL COMMENT '父菜单ID，一级菜单为0',
  `name` varchar(50) CHARACTER SET utf8mb4 COLLATE utf8mb4_general_ci NULL DEFAULT NULL COMMENT '菜单名称',
  `url` varchar(200) CHARACTER SET utf8mb4 COLLATE utf8mb4_general_ci NULL DEFAULT NULL COMMENT '菜单URL',
  `perms` varchar(500) CHARACTER SET utf8mb4 COLLATE utf8mb4_general_ci NULL DEFAULT NULL COMMENT '授权(多个用逗号分隔，如：user:list,user:create)',
  `type` int(11) NULL DEFAULT NULL COMMENT '类型   0：目录   1：菜单   2：按钮',
  `icon` varchar(50) CHARACTER SET utf8mb4 COLLATE utf8mb4_general_ci NULL DEFAULT NULL COMMENT '菜单图标',
  `order_num` int(11) NULL DEFAULT NULL COMMENT '排序',
  PRIMARY KEY (`menu_id`) USING BTREE
) ENGINE = InnoDB AUTO_INCREMENT = 74 CHARACTER SET = utf8mb4 COLLATE = utf8mb4_general_ci COMMENT = '菜单管理' ROW_FORMAT = Dynamic;

-- ----------------------------
-- Records of sys_menu
-- ----------------------------
INSERT INTO `sys_menu` VALUES (1, 0, '系统管理', NULL, NULL, 0, 'fa fa-cog', 0);
INSERT INTO `sys_menu` VALUES (2, 1, '管理员管理', 'modules/sys/user.html', NULL, 1, 'fa fa-user', 1);
INSERT INTO `sys_menu` VALUES (3, 1, '角色管理', 'modules/sys/role.html', NULL, 1, 'fa fa-user-secret', 2);
INSERT INTO `sys_menu` VALUES (4, 1, '菜单管理', 'modules/sys/menu.html', NULL, 1, 'fa fa-th-list', 3);
INSERT INTO `sys_menu` VALUES (5, 1, 'SQL监控', 'druid/sql.html', NULL, 1, 'fa fa-bug', 4);
INSERT INTO `sys_menu` VALUES (6, 1, '定时任务', 'modules/job/schedule.html', NULL, 1, 'fa fa-tasks', 5);
INSERT INTO `sys_menu` VALUES (7, 6, '查看', NULL, 'sys:schedule:list,sys:schedule:info', 2, NULL, 0);
INSERT INTO `sys_menu` VALUES (8, 6, '新增', NULL, 'sys:schedule:save', 2, NULL, 0);
INSERT INTO `sys_menu` VALUES (9, 6, '修改', NULL, 'sys:schedule:update', 2, NULL, 0);
INSERT INTO `sys_menu` VALUES (10, 6, '删除', NULL, 'sys:schedule:delete', 2, NULL, 0);
INSERT INTO `sys_menu` VALUES (11, 6, '暂停', NULL, 'sys:schedule:pause', 2, NULL, 0);
INSERT INTO `sys_menu` VALUES (12, 6, '恢复', NULL, 'sys:schedule:resume', 2, NULL, 0);
INSERT INTO `sys_menu` VALUES (13, 6, '立即执行', NULL, 'sys:schedule:run', 2, NULL, 0);
INSERT INTO `sys_menu` VALUES (14, 6, '日志列表', NULL, 'sys:schedule:log', 2, NULL, 0);
INSERT INTO `sys_menu` VALUES (15, 2, '查看', NULL, 'sys:user:list,sys:user:info', 2, NULL, 0);
INSERT INTO `sys_menu` VALUES (16, 2, '新增', NULL, 'sys:user:save,sys:role:select', 2, NULL, 0);
INSERT INTO `sys_menu` VALUES (17, 2, '修改', NULL, 'sys:user:update,sys:role:select', 2, NULL, 0);
INSERT INTO `sys_menu` VALUES (18, 2, '删除', NULL, 'sys:user:delete', 2, NULL, 0);
INSERT INTO `sys_menu` VALUES (19, 3, '查看', NULL, 'sys:role:list,sys:role:info', 2, NULL, 0);
INSERT INTO `sys_menu` VALUES (20, 3, '新增', NULL, 'sys:role:save,sys:menu:perms', 2, NULL, 0);
INSERT INTO `sys_menu` VALUES (21, 3, '修改', NULL, 'sys:role:update,sys:menu:perms', 2, NULL, 0);
INSERT INTO `sys_menu` VALUES (22, 3, '删除', NULL, 'sys:role:delete', 2, NULL, 0);
INSERT INTO `sys_menu` VALUES (23, 4, '查看', NULL, 'sys:menu:list,sys:menu:info', 2, NULL, 0);
INSERT INTO `sys_menu` VALUES (24, 4, '新增', NULL, 'sys:menu:save,sys:menu:select', 2, NULL, 0);
INSERT INTO `sys_menu` VALUES (25, 4, '修改', NULL, 'sys:menu:update,sys:menu:select', 2, NULL, 0);
INSERT INTO `sys_menu` VALUES (26, 4, '删除', NULL, 'sys:menu:delete', 2, NULL, 0);
INSERT INTO `sys_menu` VALUES (27, 1, '参数管理', 'modules/sys/config.html', 'sys:config:list,sys:config:info,sys:config:save,sys:config:update,sys:config:delete', 1, 'fa fa-sun-o', 6);
INSERT INTO `sys_menu` VALUES (29, 1, '系统日志', 'modules/sys/log.html', 'sys:log:list', 1, 'fa fa-file-text-o', 7);
INSERT INTO `sys_menu` VALUES (30, 1, '文件上传', 'modules/oss/oss.html', 'sys:oss:all', 1, 'fa fa-file-image-o', 6);
INSERT INTO `sys_menu` VALUES (31, 1, '部门管理', 'modules/sys/dept.html', NULL, 1, 'fa fa-file-code-o', 1);
INSERT INTO `sys_menu` VALUES (32, 31, '查看', NULL, 'sys:dept:list,sys:dept:info', 2, NULL, 0);
INSERT INTO `sys_menu` VALUES (33, 31, '新增', NULL, 'sys:dept:save,sys:dept:select', 2, NULL, 0);
INSERT INTO `sys_menu` VALUES (34, 31, '修改', NULL, 'sys:dept:update,sys:dept:select', 2, NULL, 0);
INSERT INTO `sys_menu` VALUES (35, 31, '删除', NULL, 'sys:dept:delete', 2, NULL, 0);
INSERT INTO `sys_menu` VALUES (36, 1, '字典管理', 'modules/sys/dict.html', NULL, 1, 'fa fa-bookmark-o', 6);
INSERT INTO `sys_menu` VALUES (37, 36, '查看', NULL, 'sys:dict:list,sys:dict:info', 2, NULL, 6);
INSERT INTO `sys_menu` VALUES (38, 36, '新增', NULL, 'sys:dict:save', 2, NULL, 6);
INSERT INTO `sys_menu` VALUES (39, 36, '修改', NULL, 'sys:dict:update', 2, NULL, 6);
INSERT INTO `sys_menu` VALUES (40, 36, '删除', NULL, 'sys:dict:delete', 2, NULL, 6);
INSERT INTO `sys_menu` VALUES (46, 0, '客服', '', NULL, 0, 'fa fa-user', 0);
INSERT INTO `sys_menu` VALUES (47, 46, '企业管理', 'modules/enterprise/enterprise.html', NULL, 1, NULL, 0);
INSERT INTO `sys_menu` VALUES (48, 47, '新增', NULL, 'enterprise:enterprise:save', 2, NULL, 0);
INSERT INTO `sys_menu` VALUES (49, 47, '修改', NULL, 'enterprise:enterprise:update', 2, NULL, 0);
INSERT INTO `sys_menu` VALUES (50, 47, '查看', NULL, 'enterprise:enterprise:list,enterprise:enterprise:info', 2, NULL, 0);
INSERT INTO `sys_menu` VALUES (51, 46, '票据管理', 'modules/bill/bill.html', NULL, 1, 'fa fa-file-code-o', 6);
INSERT INTO `sys_menu` VALUES (52, 51, '查看', NULL, 'bill:bill:list,bill:bill:info', 2, NULL, 6);
INSERT INTO `sys_menu` VALUES (53, 51, '新增', NULL, 'bill:bill:save', 2, NULL, 6);
INSERT INTO `sys_menu` VALUES (54, 51, '修改', NULL, 'bill:bill:update', 2, NULL, 6);
INSERT INTO `sys_menu` VALUES (55, 51, '删除', NULL, 'bill:bill:delete', 2, NULL, 6);
INSERT INTO `sys_menu` VALUES (56, 46, '交易管理', 'modules/transaction/order.html', NULL, 1, 'fa fa-file-code-o', 10);
INSERT INTO `sys_menu` VALUES (57, 56, '查看', NULL, 'transaction:order:list,transaction:order:info', 2, NULL, 0);
INSERT INTO `sys_menu` VALUES (58, 56, '修改', NULL, 'transaction:order:update', 2, NULL, 0);
INSERT INTO `sys_menu` VALUES (59, 0, '主管页面', NULL, NULL, 0, 'fa fa-cog', 100);
INSERT INTO `sys_menu` VALUES (60, 59, '平台管理', 'modules/platform/platform.html', NULL, 1, NULL, 1);
INSERT INTO `sys_menu` VALUES (61, 60, '查看', NULL, 'platform:platform:list,platform:platform:info', 2, NULL, 0);
INSERT INTO `sys_menu` VALUES (62, 60, '修改', NULL, 'platform:platform:update', 2, NULL, 0);
INSERT INTO `sys_menu` VALUES (63, 59, '人员管理', 'modules/employee/employee.html', NULL, 1, NULL, 100);
INSERT INTO `sys_menu` VALUES (64, 63, '查看', NULL, 'employee:employee:list,employee:employee:info', 2, NULL, 0);
INSERT INTO `sys_menu` VALUES (65, 63, '新增', NULL, 'employee:employee:save', 2, NULL, 0);
INSERT INTO `sys_menu` VALUES (66, 63, '修改', NULL, 'employee:employee:update', 2, NULL, 0);
INSERT INTO `sys_menu` VALUES (67, 63, '删除', NULL, 'employee:employee:delete', 2, NULL, 0);
INSERT INTO `sys_menu` VALUES (68, 60, '新增', NULL, 'platform:platform:save', 2, NULL, 0);
INSERT INTO `sys_menu` VALUES (69, 60, '删除', NULL, 'platform:platform:delete', 2, NULL, 0);
INSERT INTO `sys_menu` VALUES (70, 0, '财务', NULL, NULL, 0, 'fa fa-cog', 10);
INSERT INTO `sys_menu` VALUES (71, 70, '费用统计', 'modules/feerecord/feerecord.html', NULL, 1, NULL, 0);
INSERT INTO `sys_menu` VALUES (72, 71, '查看', NULL, 'feerecord:feerecord:list,feerecord:feerecord:info', 2, NULL, 0);
INSERT INTO `sys_menu` VALUES (73, 71, '修改', NULL, 'feerecord:feerecord:update', 2, NULL, 0);

-- ----------------------------
-- Table structure for sys_oss
-- ----------------------------
DROP TABLE IF EXISTS `sys_oss`;
CREATE TABLE `sys_oss`  (
  `id` bigint(20) NOT NULL AUTO_INCREMENT,
  `url` varchar(200) CHARACTER SET utf8 COLLATE utf8_general_ci NULL DEFAULT NULL COMMENT 'URL地址',
  `create_date` datetime(0) NULL DEFAULT NULL COMMENT '创建时间',
  PRIMARY KEY (`id`) USING BTREE
) ENGINE = InnoDB AUTO_INCREMENT = 1 CHARACTER SET = utf8 COLLATE = utf8_general_ci COMMENT = '文件上传' ROW_FORMAT = Dynamic;

-- ----------------------------
-- Table structure for sys_role
-- ----------------------------
DROP TABLE IF EXISTS `sys_role`;
CREATE TABLE `sys_role`  (
  `role_id` bigint(20) NOT NULL AUTO_INCREMENT,
  `role_name` varchar(100) CHARACTER SET utf8mb4 COLLATE utf8mb4_general_ci NULL DEFAULT NULL COMMENT '角色名称',
  `remark` varchar(100) CHARACTER SET utf8mb4 COLLATE utf8mb4_general_ci NULL DEFAULT NULL COMMENT '备注',
  `dept_id` bigint(20) NULL DEFAULT NULL COMMENT '部门ID',
  `create_time` datetime(0) NULL DEFAULT NULL COMMENT '创建时间',
  PRIMARY KEY (`role_id`) USING BTREE
) ENGINE = InnoDB AUTO_INCREMENT = 3 CHARACTER SET = utf8mb4 COLLATE = utf8mb4_general_ci COMMENT = '角色' ROW_FORMAT = Dynamic;

-- ----------------------------
-- Records of sys_role
-- ----------------------------
INSERT INTO `sys_role` VALUES (1, '超级管理员', NULL, 1, '2020-07-13 09:41:45');
INSERT INTO `sys_role` VALUES (2, '管理员', NULL, 1, '2020-08-23 00:41:03');

-- ----------------------------
-- Table structure for sys_role_dept
-- ----------------------------
DROP TABLE IF EXISTS `sys_role_dept`;
CREATE TABLE `sys_role_dept`  (
  `id` bigint(20) NOT NULL AUTO_INCREMENT,
  `role_id` bigint(20) NULL DEFAULT NULL COMMENT '角色ID',
  `dept_id` bigint(20) NULL DEFAULT NULL COMMENT '部门ID',
  PRIMARY KEY (`id`) USING BTREE
) ENGINE = InnoDB AUTO_INCREMENT = 11 CHARACTER SET = utf8mb4 COLLATE = utf8mb4_general_ci COMMENT = '角色与部门对应关系' ROW_FORMAT = Dynamic;

-- ----------------------------
-- Records of sys_role_dept
-- ----------------------------
INSERT INTO `sys_role_dept` VALUES (1, 1, 1);
INSERT INTO `sys_role_dept` VALUES (2, 1, 2);
INSERT INTO `sys_role_dept` VALUES (3, 1, 3);
INSERT INTO `sys_role_dept` VALUES (4, 1, 4);
INSERT INTO `sys_role_dept` VALUES (5, 1, 5);
INSERT INTO `sys_role_dept` VALUES (6, 2, 1);
INSERT INTO `sys_role_dept` VALUES (7, 2, 2);
INSERT INTO `sys_role_dept` VALUES (8, 2, 3);
INSERT INTO `sys_role_dept` VALUES (9, 2, 4);
INSERT INTO `sys_role_dept` VALUES (10, 2, 5);

-- ----------------------------
-- Table structure for sys_role_menu
-- ----------------------------
DROP TABLE IF EXISTS `sys_role_menu`;
CREATE TABLE `sys_role_menu`  (
  `id` bigint(20) NOT NULL AUTO_INCREMENT,
  `role_id` bigint(20) NULL DEFAULT NULL COMMENT '角色ID',
  `menu_id` bigint(20) NULL DEFAULT NULL COMMENT '菜单ID',
  PRIMARY KEY (`id`) USING BTREE
) ENGINE = InnoDB AUTO_INCREMENT = 80 CHARACTER SET = utf8mb4 COLLATE = utf8mb4_general_ci COMMENT = '角色与菜单对应关系' ROW_FORMAT = Dynamic;

-- ----------------------------
-- Records of sys_role_menu
-- ----------------------------
INSERT INTO `sys_role_menu` VALUES (1, 1, 1);
INSERT INTO `sys_role_menu` VALUES (2, 1, 2);
INSERT INTO `sys_role_menu` VALUES (3, 1, 15);
INSERT INTO `sys_role_menu` VALUES (4, 1, 16);
INSERT INTO `sys_role_menu` VALUES (5, 1, 17);
INSERT INTO `sys_role_menu` VALUES (6, 1, 18);
INSERT INTO `sys_role_menu` VALUES (7, 1, 3);
INSERT INTO `sys_role_menu` VALUES (8, 1, 19);
INSERT INTO `sys_role_menu` VALUES (9, 1, 20);
INSERT INTO `sys_role_menu` VALUES (10, 1, 21);
INSERT INTO `sys_role_menu` VALUES (11, 1, 22);
INSERT INTO `sys_role_menu` VALUES (12, 1, 4);
INSERT INTO `sys_role_menu` VALUES (13, 1, 23);
INSERT INTO `sys_role_menu` VALUES (14, 1, 24);
INSERT INTO `sys_role_menu` VALUES (15, 1, 25);
INSERT INTO `sys_role_menu` VALUES (16, 1, 26);
INSERT INTO `sys_role_menu` VALUES (17, 1, 5);
INSERT INTO `sys_role_menu` VALUES (18, 1, 6);
INSERT INTO `sys_role_menu` VALUES (19, 1, 7);
INSERT INTO `sys_role_menu` VALUES (20, 1, 8);
INSERT INTO `sys_role_menu` VALUES (21, 1, 9);
INSERT INTO `sys_role_menu` VALUES (22, 1, 10);
INSERT INTO `sys_role_menu` VALUES (23, 1, 11);
INSERT INTO `sys_role_menu` VALUES (24, 1, 12);
INSERT INTO `sys_role_menu` VALUES (25, 1, 13);
INSERT INTO `sys_role_menu` VALUES (26, 1, 14);
INSERT INTO `sys_role_menu` VALUES (27, 1, 27);
INSERT INTO `sys_role_menu` VALUES (28, 1, 29);
INSERT INTO `sys_role_menu` VALUES (29, 1, 30);
INSERT INTO `sys_role_menu` VALUES (30, 1, 31);
INSERT INTO `sys_role_menu` VALUES (31, 1, 32);
INSERT INTO `sys_role_menu` VALUES (32, 1, 33);
INSERT INTO `sys_role_menu` VALUES (33, 1, 34);
INSERT INTO `sys_role_menu` VALUES (34, 1, 35);
INSERT INTO `sys_role_menu` VALUES (35, 1, 36);
INSERT INTO `sys_role_menu` VALUES (36, 1, 37);
INSERT INTO `sys_role_menu` VALUES (37, 1, 38);
INSERT INTO `sys_role_menu` VALUES (38, 1, 39);
INSERT INTO `sys_role_menu` VALUES (39, 1, 40);
INSERT INTO `sys_role_menu` VALUES (45, 1, 46);
INSERT INTO `sys_role_menu` VALUES (46, 2, 1);
INSERT INTO `sys_role_menu` VALUES (47, 2, 36);
INSERT INTO `sys_role_menu` VALUES (48, 2, 37);
INSERT INTO `sys_role_menu` VALUES (49, 2, 38);
INSERT INTO `sys_role_menu` VALUES (50, 2, 39);
INSERT INTO `sys_role_menu` VALUES (51, 2, 40);
INSERT INTO `sys_role_menu` VALUES (52, 2, 46);
INSERT INTO `sys_role_menu` VALUES (53, 2, 47);
INSERT INTO `sys_role_menu` VALUES (54, 2, 48);
INSERT INTO `sys_role_menu` VALUES (55, 2, 49);
INSERT INTO `sys_role_menu` VALUES (56, 2, 50);
INSERT INTO `sys_role_menu` VALUES (57, 2, 51);
INSERT INTO `sys_role_menu` VALUES (58, 2, 52);
INSERT INTO `sys_role_menu` VALUES (59, 2, 53);
INSERT INTO `sys_role_menu` VALUES (60, 2, 54);
INSERT INTO `sys_role_menu` VALUES (61, 2, 55);
INSERT INTO `sys_role_menu` VALUES (62, 2, 56);
INSERT INTO `sys_role_menu` VALUES (63, 2, 57);
INSERT INTO `sys_role_menu` VALUES (64, 2, 58);
INSERT INTO `sys_role_menu` VALUES (65, 2, 59);
INSERT INTO `sys_role_menu` VALUES (66, 2, 60);
INSERT INTO `sys_role_menu` VALUES (67, 2, 61);
INSERT INTO `sys_role_menu` VALUES (68, 2, 62);
INSERT INTO `sys_role_menu` VALUES (69, 2, 68);
INSERT INTO `sys_role_menu` VALUES (70, 2, 69);
INSERT INTO `sys_role_menu` VALUES (71, 2, 63);
INSERT INTO `sys_role_menu` VALUES (72, 2, 64);
INSERT INTO `sys_role_menu` VALUES (73, 2, 65);
INSERT INTO `sys_role_menu` VALUES (74, 2, 66);
INSERT INTO `sys_role_menu` VALUES (75, 2, 67);
INSERT INTO `sys_role_menu` VALUES (76, 2, 70);
INSERT INTO `sys_role_menu` VALUES (77, 2, 71);
INSERT INTO `sys_role_menu` VALUES (78, 2, 72);
INSERT INTO `sys_role_menu` VALUES (79, 2, 73);

-- ----------------------------
-- Table structure for sys_user
-- ----------------------------
DROP TABLE IF EXISTS `sys_user`;
CREATE TABLE `sys_user`  (
  `user_id` bigint(20) NOT NULL AUTO_INCREMENT,
  `username` varchar(50) CHARACTER SET utf8mb4 COLLATE utf8mb4_general_ci NOT NULL COMMENT '用户名',
  `password` varchar(100) CHARACTER SET utf8mb4 COLLATE utf8mb4_general_ci NULL DEFAULT NULL COMMENT '密码',
  `salt` varchar(20) CHARACTER SET utf8mb4 COLLATE utf8mb4_general_ci NULL DEFAULT NULL COMMENT '盐',
  `email` varchar(100) CHARACTER SET utf8mb4 COLLATE utf8mb4_general_ci NULL DEFAULT NULL COMMENT '邮箱',
  `mobile` varchar(100) CHARACTER SET utf8mb4 COLLATE utf8mb4_general_ci NULL DEFAULT NULL COMMENT '手机号',
  `status` tinyint(4) NULL DEFAULT NULL COMMENT '状态  0：禁用   1：正常',
  `dept_id` bigint(20) NULL DEFAULT NULL COMMENT '部门ID',
  `create_time` datetime(0) NULL DEFAULT NULL COMMENT '创建时间',
  PRIMARY KEY (`user_id`) USING BTREE,
  UNIQUE INDEX `username`(`username`) USING BTREE
) ENGINE = InnoDB AUTO_INCREMENT = 3 CHARACTER SET = utf8mb4 COLLATE = utf8mb4_general_ci COMMENT = '系统用户' ROW_FORMAT = Dynamic;

-- ----------------------------
-- Records of sys_user
-- ----------------------------
INSERT INTO `sys_user` VALUES (1, 'admin', '5f9c50b9d370e553b076ecf20870baab6dff1d061fb15868b62ca17f04b70a16', 'YzcmCZNvbXocrsz9dm8e', 'root@draftex', '13612345678', 1, 1, '2016-11-11 11:11:11');
INSERT INTO `sys_user` VALUES (2, 'draftex', 'ba382cfa96bd2befda34b14e5f3193daae0f72271b075d7d84570809dec278b0', '04bbRq7T01QSOUIBDp9m', 'draftex@163.com', '18888888888', 1, 1, '2020-08-23 00:40:15');

-- ----------------------------
-- Table structure for sys_user_role
-- ----------------------------
DROP TABLE IF EXISTS `sys_user_role`;
CREATE TABLE `sys_user_role`  (
  `id` bigint(20) NOT NULL AUTO_INCREMENT,
  `user_id` bigint(20) NULL DEFAULT NULL COMMENT '用户ID',
  `role_id` bigint(20) NULL DEFAULT NULL COMMENT '角色ID',
  PRIMARY KEY (`id`) USING BTREE
) ENGINE = InnoDB AUTO_INCREMENT = 4 CHARACTER SET = utf8mb4 COLLATE = utf8mb4_general_ci COMMENT = '用户与角色对应关系' ROW_FORMAT = Dynamic;

-- ----------------------------
-- Records of sys_user_role
-- ----------------------------
INSERT INTO `sys_user_role` VALUES (1, 1, 1);
INSERT INTO `sys_user_role` VALUES (3, 2, 2);

-- ----------------------------
-- Table structure for tb_bank
-- ----------------------------
DROP TABLE IF EXISTS `tb_bank`;
CREATE TABLE `tb_bank`  (
  `id` varchar(20) CHARACTER SET utf8 COLLATE utf8_general_ci NOT NULL COMMENT '标识',
  `type` int(2) NULL DEFAULT NULL COMMENT '账户类型 （1） 体现户 （2）签收户',
  `channelType` int(2) NULL DEFAULT NULL COMMENT '渠道类型 （1） 京东智票 （2）京东智付',
  `bankSource` int(2) NULL DEFAULT NULL COMMENT '银行新增来源 1)企业实名认证, (2)銀行卡管理打款',
  `name` varchar(20) CHARACTER SET utf8 COLLATE utf8_general_ci NULL DEFAULT NULL COMMENT '银行名称',
  `number` varchar(20) CHARACTER SET utf8 COLLATE utf8_general_ci NULL DEFAULT NULL COMMENT '银行行号',
  `accountName` varchar(20) CHARACTER SET utf8 COLLATE utf8_general_ci NULL DEFAULT NULL COMMENT '开户行名称-同企业名称',
  `accountNumber` varchar(20) CHARACTER SET utf8 COLLATE utf8_general_ci NULL DEFAULT NULL COMMENT '开户账户',
  `occBankCode` varchar(20) CHARACTER SET utf8 COLLATE utf8_general_ci NULL DEFAULT NULL COMMENT '银行编码',
  `occBankName` varchar(20) CHARACTER SET utf8 COLLATE utf8_general_ci NULL DEFAULT NULL COMMENT '银行名称',
  `occBankCnap` varchar(20) CHARACTER SET utf8 COLLATE utf8_general_ci NULL DEFAULT NULL COMMENT '银行支行银联号',
  `occBankChildCode` varchar(20) CHARACTER SET utf8 COLLATE utf8_general_ci NULL DEFAULT NULL,
  `occBankChildName` varchar(20) CHARACTER SET utf8 COLLATE utf8_general_ci NULL DEFAULT NULL COMMENT '支行银行全称',
  `provinceId` varchar(11) CHARACTER SET utf8 COLLATE utf8_general_ci NULL DEFAULT NULL COMMENT '省份id',
  `provinceName` varchar(20) CHARACTER SET utf8 COLLATE utf8_general_ci NULL DEFAULT NULL COMMENT '省份名称',
  `cityId` varchar(11) CHARACTER SET utf8 COLLATE utf8_general_ci NULL DEFAULT NULL COMMENT '城市id',
  `cityName` varchar(20) CHARACTER SET utf8 COLLATE utf8_general_ci NULL DEFAULT NULL COMMENT '城市名称',
  `createTimeInMillis` datetime(0) NULL DEFAULT NULL COMMENT '创建时间',
  `status` int(2) NULL DEFAULT NULL COMMENT '认证状态 - (0)待鉴权 (1)审核不通过 (2)审核通过',
  `enterpriseId` varchar(255) CHARACTER SET utf8 COLLATE utf8_general_ci NULL DEFAULT NULL COMMENT '企业id',
  PRIMARY KEY (`id`) USING BTREE
) ENGINE = InnoDB CHARACTER SET = utf8 COLLATE = utf8_general_ci ROW_FORMAT = Dynamic;

-- ----------------------------
-- Records of tb_bank
-- ----------------------------
INSERT INTO `tb_bank` VALUES ('1', 1, 1, 1, '中国农业银行临沂分行', '11111', '有票么', '11111', '307', '山东', '31', '321', '231', '321', '321', '132', '231', '2020-07-13 14:57:12', 3, '1');
INSERT INTO `tb_bank` VALUES ('2', 1, 1, 1, '平安银行临沂分行', '22222', '有票么1', '11111', '307', '山东', '31', '321', '231', '321', '321', '132', '231', '2020-07-13 14:57:12', 3, '1');
INSERT INTO `tb_bank` VALUES ('3', 1, 1, 1, '平安银行临沂分行', '22222', '有票么1', '11111', '307', '山东', '31', '321', '231', '321', '321', '132', '231', '2020-07-13 14:57:12', 3, '2');

-- ----------------------------
-- Table structure for tb_bill
-- ----------------------------
DROP TABLE IF EXISTS `tb_bill`;
CREATE TABLE `tb_bill`  (
  `id` varchar(20) CHARACTER SET utf8 COLLATE utf8_general_ci NOT NULL COMMENT '票据id',
  `number` varchar(20) CHARACTER SET utf8 COLLATE utf8_general_ci NULL DEFAULT NULL COMMENT '票号',
  `type` int(2) NULL DEFAULT NULL COMMENT '票据类型',
  `drawerName` varchar(20) CHARACTER SET utf8 COLLATE utf8_general_ci NULL DEFAULT NULL COMMENT '出票人姓名',
  `draweeName` varchar(255) CHARACTER SET utf8 COLLATE utf8_general_ci NULL DEFAULT NULL COMMENT '收票人姓名',
  `acceptingBankName` varchar(255) CHARACTER SET utf8 COLLATE utf8_general_ci NULL DEFAULT NULL COMMENT '承兑银行名称',
  `acceptingBankNumber` varchar(11) CHARACTER SET utf8 COLLATE utf8_general_ci NULL DEFAULT NULL COMMENT '承兑银行行号',
  `acceptingBankType` varchar(255) CHARACTER SET utf8 COLLATE utf8_general_ci NULL DEFAULT NULL COMMENT '承兑银行类型',
  `amount` varchar(255) CHARACTER SET utf8 COLLATE utf8_general_ci NULL DEFAULT NULL COMMENT '票面金额',
  `issueDate` varchar(20) CHARACTER SET utf8 COLLATE utf8_general_ci NULL DEFAULT NULL COMMENT '签发日',
  `dueDate` varchar(20) CHARACTER SET utf8 COLLATE utf8_general_ci NULL DEFAULT NULL COMMENT '到期日',
  `coverFrontPictureUrl` varchar(255) CHARACTER SET utf8 COLLATE utf8_general_ci NULL DEFAULT NULL COMMENT '票据正面图URL',
  `coverBackPictures` varchar(255) CHARACTER SET utf8 COLLATE utf8_general_ci NULL DEFAULT NULL COMMENT '票据背面图URL',
  `channelType` varchar(255) CHARACTER SET utf8 COLLATE utf8_general_ci NULL DEFAULT NULL COMMENT '担保渠道',
  `transferBank` varchar(255) CHARACTER SET utf8 COLLATE utf8_general_ci NULL DEFAULT NULL COMMENT '回款银行账户资讯',
  `endorseBank` varchar(255) CHARACTER SET utf8 COLLATE utf8_general_ci NULL DEFAULT NULL COMMENT '背书户银行资讯',
  `endorseCount` int(10) NULL DEFAULT NULL COMMENT '背书次数',
  `returnDrawerStatus` int(11) NULL DEFAULT NULL COMMENT '回出票人状态 |-1|取消/未知 |0|否/无 |1|是/有',
  `returnDraweeStatus` int(11) NULL DEFAULT NULL COMMENT '回收款人状态 |-1|取消/未知 |0|否/无 |1|是/有',
  `returnEndorsementStatus` int(11) NULL DEFAULT NULL COMMENT '回头背书状态 |-1|取消/未知 |0|否/无 |1|是/有',
  `doubleEndorsementStatus` int(11) NULL DEFAULT NULL COMMENT '重复背书状态 |-1|取消/未知 |0|否/无 |1|是/有',
  `pledgeStatus` int(11) NULL DEFAULT NULL COMMENT '质押状态 |-1|取消/未知 |0|否/无 |1|是/有',
  `guaranteeStatus` int(11) NULL DEFAULT NULL COMMENT '保证状态 |-1|取消/未知 |0|否/无 |1|是/有',
  `inconsistentStatus` int(11) NULL DEFAULT NULL COMMENT '上下不一致状态 |-1|取消/未知 |0|否/无 |1|是/有',
  `customDefect` varchar(20) CHARACTER SET utf8 COLLATE utf8_general_ci NULL DEFAULT NULL COMMENT '其它瑕疵',
  `isDirectSell` bit(1) NULL DEFAULT NULL COMMENT '是否定向交易 true定向交易 false 非定向交易',
  `directBuyerAccount` varchar(20) CHARACTER SET utf8 COLLATE utf8_general_ci NULL DEFAULT NULL COMMENT '交易对手账号（交易对手的手机号?） 若isDirectSell为true时，该值必填',
  `feeDeduction` int(11) NULL DEFAULT NULL COMMENT '每十万扣款意向价格',
  `status` int(2) NULL DEFAULT NULL COMMENT '票据状态',
  `createTimeInMillis` datetime(0) NULL DEFAULT NULL COMMENT '创建时间',
  `publisherId` varchar(20) CHARACTER SET utf8 COLLATE utf8_general_ci NULL DEFAULT NULL COMMENT '卖方用户id',
  PRIMARY KEY (`id`) USING BTREE
) ENGINE = InnoDB CHARACTER SET = utf8 COLLATE = utf8_general_ci COMMENT = '票据表' ROW_FORMAT = Dynamic;

-- ----------------------------
-- Records of tb_bill
-- ----------------------------
INSERT INTO `tb_bill` VALUES ('1', '123456789456123', 1, '临沂兴业有限公司', '临沂尚进有限公司', '平安银行', '317', '1', '10000.00', '2020-05-10', '2020-11-10', NULL, NULL, '3', '1', '1', 1, 1, 1, 1, 1, 1, 1, 1, '1', b'1', '12345646', 1250, 1, '2020-07-23 10:20:42', '1');

-- ----------------------------
-- Table structure for tb_employee
-- ----------------------------
DROP TABLE IF EXISTS `tb_employee`;
CREATE TABLE `tb_employee`  (
  `id` varchar(20) CHARACTER SET utf8 COLLATE utf8_general_ci NOT NULL COMMENT '员工ID',
  `name` varchar(10) CHARACTER SET utf8 COLLATE utf8_general_ci NULL DEFAULT NULL COMMENT '员工姓名',
  `gender` int(2) NULL DEFAULT NULL COMMENT '性别（0：未知，1：男，2：女）',
  `department` int(2) NULL DEFAULT NULL COMMENT '部门（ 0: 未知 1: 管理部门  2: 客服  3:财务）',
  `phoneNo` varchar(20) CHARACTER SET utf8 COLLATE utf8_general_ci NULL DEFAULT NULL COMMENT '手机号码',
  `address` varchar(255) CHARACTER SET utf8 COLLATE utf8_general_ci NULL DEFAULT NULL COMMENT '地址',
  `title` varchar(20) CHARACTER SET utf8 COLLATE utf8_general_ci NULL DEFAULT NULL COMMENT '职称',
  `photoUrl` varchar(255) CHARACTER SET utf8 COLLATE utf8_general_ci NULL DEFAULT NULL COMMENT '照片',
  `status` int(2) NULL DEFAULT NULL COMMENT '状态（1：启用，2：停用）',
  `platformId` varchar(20) CHARACTER SET utf8 COLLATE utf8_general_ci NULL DEFAULT NULL COMMENT '平台id',
  `onBoardTimeInMillis` datetime(0) NULL DEFAULT NULL COMMENT '到职时间',
  `leftTimeInMillis` datetime(0) NULL DEFAULT NULL COMMENT '离职时间',
  `createTimeInMillis` datetime(0) NULL DEFAULT NULL COMMENT '创建时间',
  PRIMARY KEY (`id`) USING BTREE
) ENGINE = InnoDB CHARACTER SET = utf8 COLLATE = utf8_general_ci ROW_FORMAT = Dynamic;

-- ----------------------------
-- Records of tb_employee
-- ----------------------------
INSERT INTO `tb_employee` VALUES ('1', '孙同春', 2, 2, '18868698698', '临沂市南坊', '首席财务师', NULL, 1, NULL, '2020-08-06 15:55:21', NULL, '2020-08-06 15:55:24');

-- ----------------------------
-- Table structure for tb_enterprise
-- ----------------------------
DROP TABLE IF EXISTS `tb_enterprise`;
CREATE TABLE `tb_enterprise`  (
  `id` int(20) NOT NULL AUTO_INCREMENT COMMENT 'id',
  `name` varchar(20) CHARACTER SET utf8 COLLATE utf8_general_ci NULL DEFAULT NULL COMMENT '企业姓名',
  `uscc` varchar(20) CHARACTER SET utf8 COLLATE utf8_general_ci NULL DEFAULT NULL COMMENT '统一社会信用代码-营业执照',
  `address` varchar(255) CHARACTER SET utf8 COLLATE utf8_general_ci NULL DEFAULT NULL COMMENT '公司详细地址',
  `businessLicenseUrl` varchar(500) CHARACTER SET utf8 COLLATE utf8_general_ci NULL DEFAULT NULL COMMENT '营业执照图片',
  `accountOpeningLicenseUrl` varchar(500) CHARACTER SET utf8 COLLATE utf8_general_ci NULL DEFAULT NULL COMMENT '开户许可证图片',
  `legalRepName` varchar(10) CHARACTER SET utf8 COLLATE utf8_general_ci NULL DEFAULT NULL COMMENT '法人姓名',
  `legalRepId` varchar(20) CHARACTER SET utf8 COLLATE utf8_general_ci NULL DEFAULT NULL COMMENT '法人身份证',
  `legalRepPhoneNo` varchar(15) CHARACTER SET utf8 COLLATE utf8_general_ci NULL DEFAULT NULL COMMENT '法人手机号码',
  `legalRepIdPicFrontUrl` varchar(255) CHARACTER SET utf8 COLLATE utf8_general_ci NULL DEFAULT NULL COMMENT '法人身份证正面照片',
  `legalRepIdPicBackUrl` varchar(255) CHARACTER SET utf8 COLLATE utf8_general_ci NULL DEFAULT NULL COMMENT '法人身份证背面照片',
  `province` varchar(10) CHARACTER SET utf8 COLLATE utf8_general_ci NULL DEFAULT NULL COMMENT '省份',
  `city` varchar(10) CHARACTER SET utf8 COLLATE utf8_general_ci NULL DEFAULT NULL COMMENT '市',
  `businessExpirationDate` varchar(10) CHARACTER SET utf8 COLLATE utf8_general_ci NULL DEFAULT NULL COMMENT '营业执照到期时间',
  `idcardExpirationDate` varchar(10) CHARACTER SET utf8 COLLATE utf8_general_ci NULL DEFAULT NULL COMMENT '法人身份证到期时间',
  `createTime` datetime(0) NULL DEFAULT NULL COMMENT '创建时间',
  `updateTime` datetime(0) NULL DEFAULT NULL COMMENT '修改时间',
  `status` varchar(5) CHARACTER SET utf8 COLLATE utf8_general_ci NULL DEFAULT NULL COMMENT '企业状态',
  `remark` varchar(255) CHARACTER SET utf8 COLLATE utf8_general_ci NULL DEFAULT NULL COMMENT '备注',
  `reason` varchar(255) CHARACTER SET utf8 COLLATE utf8_general_ci NULL DEFAULT NULL COMMENT '原因',
  `userId` varchar(20) CHARACTER SET utf8 COLLATE utf8_general_ci NULL DEFAULT NULL COMMENT '用户id',
  `userAccount` varchar(20) CHARACTER SET utf8 COLLATE utf8_general_ci NULL DEFAULT NULL COMMENT '用户账号-注册手机号',
  `operatorId` varchar(20) CHARACTER SET utf8 COLLATE utf8_general_ci NULL DEFAULT NULL COMMENT '操作人员标识',
  `platformId` varchar(20) CHARACTER SET utf8 COLLATE utf8_general_ci NULL DEFAULT NULL COMMENT '平台ID',
  `roleType` int(2) NULL DEFAULT NULL COMMENT '用户角色 1：买方&卖方 2：卖方',
  `handlerName` varchar(255) CHARACTER SET utf8 COLLATE utf8_general_ci NULL DEFAULT NULL COMMENT '经办人姓名',
  `handlerId` varchar(255) CHARACTER SET utf8 COLLATE utf8_general_ci NULL DEFAULT NULL COMMENT '经办人身份证号',
  `handlerPhoneNo` varchar(255) CHARACTER SET utf8 COLLATE utf8_general_ci NULL DEFAULT NULL COMMENT '经办人手机号',
  `handlerEmail` varchar(255) CHARACTER SET utf8 COLLATE utf8_general_ci NULL DEFAULT NULL COMMENT '经办人邮箱地址',
  PRIMARY KEY (`id`) USING BTREE
) ENGINE = InnoDB AUTO_INCREMENT = 3 CHARACTER SET = utf8 COLLATE = utf8_general_ci COMMENT = '企业信息表' ROW_FORMAT = Dynamic;

-- ----------------------------
-- Records of tb_enterprise
-- ----------------------------
INSERT INTO `tb_enterprise` VALUES (1, '临沂和谐有限公司', '91440300MA5ERB6G5P', '深圳市前海深港合作区前湾一路1号A栋201室（入驻深圳市前海商务秘书有限公司）', 'https://timgsa.baidu.com/timg?image&quality=80&size=b9999_10000&sec=1595218606152&di=33c964c3d1dfb8499a3a2e2bdddd2084&imgtype=0&src=http%3A%2F%2Fn1.itc.cn%2Fimg8%2Fwb%2Fsmccloud%2Frecom%2F2015%2F10%2F09%2F144439030780697863.JPEG', 'https://timgsa.baidu.com/timg?image&quality=80&size=b9999_10000&sec=1595217258127&di=2cd0fdb976d820c560266d6f4740f15d&imgtype=0&src=http%3A%2F%2Fimg2.jc001.cn%2Fimg%2F994%2F1530994%2F1304%2F13515a97358d5ea.jpg', '李四', '371311186902152665', '18686868686', 'https://up.enterdesk.com/edpic/28/bc/80/28bc80d62c84ea7797197a6d7cb03394.jpg', 'https://exp-picture.cdn.bcebos.com/7a3e980e7c75e5f4caa14cbeb1ceaad7736bbceb.jpg', NULL, NULL, NULL, NULL, '2020-07-13 15:32:47', '2020-07-13 15:32:50', NULL, NULL, NULL, NULL, '18886868686', '1', NULL, 1, '经办人', '371211186901112456', '18686868686', 'jingbanren@163.com');
INSERT INTO `tb_enterprise` VALUES (2, '临沂兴鲁商贸有限公司', '91440300MA5ERB6G52', '深圳市前海深港合作区前湾一路1号A栋201室（入驻深圳市前海商务秘书有限公司）', 'https://timgsa.baidu.com/timg?image&quality=80&size=b9999_10000&sec=1595218606152&di=33c964c3d1dfb8499a3a2e2bdddd2084&imgtype=0&src=http%3A%2F%2Fn1.itc.cn%2Fimg8%2Fwb%2Fsmccloud%2Frecom%2F2015%2F10%2F09%2F144439030780697863.JPEG', 'https://timgsa.baidu.com/timg?image&quality=80&size=b9999_10000&sec=1595217258127&di=2cd0fdb976d820c560266d6f4740f15d&imgtype=0&src=http%3A%2F%2Fimg2.jc001.cn%2Fimg%2F994%2F1530994%2F1304%2F13515a97358d5ea.jpg', '李四', '371311186902152665', '18686868686', 'https://up.enterdesk.com/edpic/28/bc/80/28bc80d62c84ea7797197a6d7cb03394.jpg', 'https://exp-picture.cdn.bcebos.com/7a3e980e7c75e5f4caa14cbeb1ceaad7736bbceb.jpg', NULL, NULL, NULL, NULL, '2020-07-13 15:32:47', '2020-07-13 15:32:50', NULL, NULL, NULL, NULL, '18886868686', '1', NULL, 1, '经办人', '371211186901112456', '18686868686', 'jingbanren@163.com');

-- ----------------------------
-- Table structure for tb_feerecord
-- ----------------------------
DROP TABLE IF EXISTS `tb_feerecord`;
CREATE TABLE `tb_feerecord`  (
  `id` varchar(20) CHARACTER SET utf8 COLLATE utf8_general_ci NOT NULL COMMENT 'id',
  `feeType` int(10) NULL DEFAULT NULL COMMENT '费用类型（0 未知、1 票据发布费、2 平台服务费、4 见证服务费 、8 资金结算费）',
  `platform_fee` double(10, 2) NULL DEFAULT NULL COMMENT '平台费用',
  `channel_fee` double(10, 2) NULL DEFAULT NULL COMMENT '渠道费用',
  `payerId` varchar(20) CHARACTER SET utf8 COLLATE utf8_general_ci NULL DEFAULT NULL COMMENT '支付方ID',
  `payerName` varchar(20) CHARACTER SET utf8 COLLATE utf8_general_ci NULL DEFAULT NULL COMMENT '支付方姓名',
  `buyerId` varchar(20) CHARACTER SET utf8 COLLATE utf8_general_ci NULL DEFAULT NULL COMMENT '买方id',
  `buyerName` varchar(20) CHARACTER SET utf8 COLLATE utf8_general_ci NULL DEFAULT NULL COMMENT '买方姓名',
  `sellerId` varchar(20) CHARACTER SET utf8 COLLATE utf8_general_ci NULL DEFAULT NULL COMMENT '卖方id',
  `sellerName` varchar(20) CHARACTER SET utf8 COLLATE utf8_general_ci NULL DEFAULT NULL COMMENT '卖方姓名',
  `billNumber` varchar(20) CHARACTER SET utf8 COLLATE utf8_general_ci NULL DEFAULT NULL COMMENT '票号',
  `billId` varchar(20) CHARACTER SET utf8 COLLATE utf8_general_ci NULL DEFAULT NULL COMMENT '票据id',
  `orderId` varchar(20) CHARACTER SET utf8 COLLATE utf8_general_ci NULL DEFAULT NULL COMMENT '订单号',
  `release_platformId` varchar(20) CHARACTER SET utf8 COLLATE utf8_general_ci NULL DEFAULT NULL COMMENT '发布平台id',
  `release_platform` varchar(20) CHARACTER SET utf8 COLLATE utf8_general_ci NULL DEFAULT NULL COMMENT '发布平台',
  `transaction_platform` varchar(20) CHARACTER SET utf8 COLLATE utf8_general_ci NULL DEFAULT NULL COMMENT '交易平台',
  `transaction_platformId` varchar(20) CHARACTER SET utf8 COLLATE utf8_general_ci NULL DEFAULT NULL COMMENT '交易平台id',
  `createtimeinmillis` datetime(0) NULL DEFAULT NULL,
  PRIMARY KEY (`id`) USING BTREE
) ENGINE = InnoDB CHARACTER SET = utf8 COLLATE = utf8_general_ci ROW_FORMAT = Dynamic;

-- ----------------------------
-- Records of tb_feerecord
-- ----------------------------
INSERT INTO `tb_feerecord` VALUES ('1', 2, 50.25, 25.01, '2', '临沂兴鲁商贸有限公司', '2', '临沂兴鲁商贸有限公司', '1', '临沂和谐有限公司', '123456789456123', '1', '1', '1', '有票么', '有票么', '1', NULL);

-- ----------------------------
-- Table structure for tb_order
-- ----------------------------
DROP TABLE IF EXISTS `tb_order`;
CREATE TABLE `tb_order`  (
  `id` varchar(20) CHARACTER SET utf8 COLLATE utf8_general_ci NOT NULL COMMENT '标识',
  `category` int(2) NULL DEFAULT NULL COMMENT '订单类型（|1|入平台 |2|出平台 |3|财务）',
  `status` int(5) NULL DEFAULT NULL COMMENT '订单状态（|-1|已取消 |2|议价中 |3|议价成功 |4|议价被拒绝 |200|待打款 |201|待背书 |202|待签收 |203|待校验 |204|交易成功 |205|交易失败 |206|校验失敗）',
  `feeDeduction` double(10, 0) NULL DEFAULT NULL COMMENT '意向价格（每十万扣款）',
  `serviceFee` double(10, 0) NULL DEFAULT NULL COMMENT '平台服务费',
  `value` double(10, 0) NULL DEFAULT NULL COMMENT '订单价格（交易金额？）',
  `billId` varchar(20) CHARACTER SET utf8 COLLATE utf8_general_ci NULL DEFAULT NULL COMMENT '票据id',
  `platformId` varchar(20) CHARACTER SET utf8 COLLATE utf8_general_ci NULL DEFAULT NULL COMMENT '平台id',
  `buyerId` varchar(20) CHARACTER SET utf8 COLLATE utf8_general_ci NULL DEFAULT NULL COMMENT '买方id',
  `directBuyerAccount` varchar(20) CHARACTER SET utf8 COLLATE utf8_general_ci NULL DEFAULT NULL COMMENT '买方账号？',
  `isDirectSell` char(1) CHARACTER SET utf8 COLLATE utf8_general_ci NULL DEFAULT NULL COMMENT '是否定向交易',
  `redirectPayUrl` varchar(255) CHARACTER SET utf8 COLLATE utf8_general_ci NULL DEFAULT NULL COMMENT '支付地址（京东返回）',
  `reqNo` varchar(255) CHARACTER SET utf8 COLLATE utf8_general_ci NULL DEFAULT NULL COMMENT '请求流水号',
  `transactionId` varchar(20) CHARACTER SET utf8 COLLATE utf8_general_ci NULL DEFAULT NULL COMMENT '交易id',
  PRIMARY KEY (`id`) USING BTREE
) ENGINE = InnoDB CHARACTER SET = utf8 COLLATE = utf8_general_ci COMMENT = '订单表' ROW_FORMAT = Dynamic;

-- ----------------------------
-- Records of tb_order
-- ----------------------------
INSERT INTO `tb_order` VALUES ('1', 1, 1, 1500, 120, 150000, '1', '1', '1', '', '0', NULL, '12532651361', '1223212346123');
INSERT INTO `tb_order` VALUES ('10', 1, 1, 1500, 120, 150000, '1', '1', '1', '', '0', NULL, '12532651361', '1223212346123');
INSERT INTO `tb_order` VALUES ('11', 1, 1, 1500, 120, 150000, '1', '1', '1', '', '0', NULL, '12532651361', '1223212346123');
INSERT INTO `tb_order` VALUES ('2', 1, 1, 1500, 120, 150000, '1', '1', '1', '', '0', NULL, '12532651361', '1223212346123');
INSERT INTO `tb_order` VALUES ('3', 1, 1, 1500, 120, 150000, '1', '1', '1', '', '0', NULL, '12532651361', '1223212346123');
INSERT INTO `tb_order` VALUES ('4', 1, 1, 1500, 120, 150000, '1', '1', '1', '', '0', NULL, '12532651361', '1223212346123');
INSERT INTO `tb_order` VALUES ('5', 1, 1, 1500, 120, 150000, '1', '1', '1', '', '0', NULL, '12532651361', '1223212346123');
INSERT INTO `tb_order` VALUES ('6', 1, 1, 1500, 120, 150000, '1', '1', '1', '', '0', NULL, '12532651361', '1223212346123');
INSERT INTO `tb_order` VALUES ('7', 1, 1, 1500, 120, 150000, '1', '1', '1', '', '0', NULL, '12532651361', '1223212346123');
INSERT INTO `tb_order` VALUES ('8', 1, 1, 1500, 120, 150000, '1', '1', '1', '', '0', NULL, '12532651361', '1223212346123');
INSERT INTO `tb_order` VALUES ('9', 1, 1, 1500, 120, 150000, '1', '1', '1', '', '0', NULL, '12532651361', '1223212346123');

-- ----------------------------
-- Table structure for tb_platform
-- ----------------------------
DROP TABLE IF EXISTS `tb_platform`;
CREATE TABLE `tb_platform`  (
  `id` varchar(20) CHARACTER SET utf8 COLLATE utf8_general_ci NOT NULL COMMENT '平台id',
  `name` varchar(20) CHARACTER SET utf8 COLLATE utf8_general_ci NULL DEFAULT NULL COMMENT '平台名称',
  `website` varchar(30) CHARACTER SET utf8 COLLATE utf8_general_ci NULL DEFAULT NULL COMMENT '网络名称',
  `manager` varchar(20) CHARACTER SET utf8 COLLATE utf8_general_ci NULL DEFAULT NULL COMMENT '负责人',
  `phoneNo` varchar(20) CHARACTER SET utf8 COLLATE utf8_general_ci NULL DEFAULT NULL COMMENT '联络电话',
  `status` int(5) NULL DEFAULT NULL COMMENT '平台状态（1：在线，2：离线）',
  `valid` char(1) CHARACTER SET utf8 COLLATE utf8_general_ci NULL DEFAULT NULL COMMENT '是否为有效平台',
  `createTimeInMillis` datetime(0) NULL DEFAULT NULL COMMENT '创建时间',
  PRIMARY KEY (`id`) USING BTREE
) ENGINE = InnoDB CHARACTER SET = utf8 COLLATE = utf8_general_ci ROW_FORMAT = Dynamic;

-- ----------------------------
-- Records of tb_platform
-- ----------------------------
INSERT INTO `tb_platform` VALUES ('1', '有票么', 'www.draftex.cn', '李四', '155554807565', 1, '1', '2020-08-06 09:26:36');

SET FOREIGN_KEY_CHECKS = 1;
